[{"photo": 232932, "product": 1}, {"photo": 272515, "product": 2}, {"photo": 185483, "product": 3}, {"photo": 222162, "product": 4}, {"photo": 184282, "product": 5}, {"photo": 254466, "product": 6}, {"photo": 377998, "product": 7}, {"photo": 147346, "product": 8}, {"photo": 250455, "product": 9}, {"photo": 185259, "product": 10}, {"photo": 185261, "product": 10}, {"photo": 225201, "product": 11}, {"photo": 187982, "product": 12}, {"photo": 93748, "product": 13}, {"photo": 228128, "product": 14}, {"photo": 235276, "product": 15}, {"photo": 188036, "product": 16}, {"photo": 378261, "product": 17}, {"photo": 224435, "product": 18}, {"photo": 116685, "product": 19}, {"photo": 182305, "product": 20}, {"photo": 180349, "product": 21}, {"photo": 185009, "product": 22}, {"photo": 224755, "product": 23}, {"photo": 273206, "product": 24}, {"photo": 273205, "product": 24}, {"photo": 185442, "product": 25}, {"photo": 185440, "product": 25}, {"photo": 362479, "product": 26}, {"photo": 177853, "product": 27}, {"photo": 229275, "product": 28}, {"photo": 413552, "product": 29}, {"photo": 116858, "product": 30}, {"photo": 116782, "product": 31}, {"photo": 151512, "product": 32}, {"photo": 327282, "product": 33}, {"photo": 327280, "product": 33}, {"photo": 184644, "product": 34}, {"photo": 353492, "product": 35}, {"photo": 222298, "product": 36}, {"photo": 378553, "product": 37}, {"photo": 178080, "product": 38}, {"photo": 202950, "product": 39}, {"photo": 353336, "product": 40}, {"photo": 250198, "product": 41}, {"photo": 184993, "product": 42}, {"photo": 230989, "product": 43}, {"photo": 187248, "product": 44}, {"photo": 227873, "product": 45}, {"photo": 184375, "product": 46}, {"photo": 148568, "product": 47}, {"photo": 223991, "product": 48}, {"photo": 223992, "product": 48}, {"photo": 274843, "product": 49}, {"photo": 274842, "product": 49}, {"photo": 181100, "product": 50}, {"photo": 224467, "product": 51}, {"photo": 222400, "product": 52}, {"photo": 232382, "product": 53}, {"photo": 228579, "product": 54}, {"photo": 182461, "product": 55}, {"photo": 222872, "product": 56}, {"photo": 232920, "product": 57}, {"photo": 232494, "product": 58}, {"photo": 80218, "product": 59}, {"photo": 80219, "product": 59}, {"photo": 80220, "product": 59}, {"photo": 231657, "product": 60}, {"photo": 235680, "product": 61}, {"photo": 232816, "product": 62}, {"photo": 274719, "product": 63}, {"photo": 274722, "product": 63}, {"photo": 232617, "product": 64}, {"photo": 340351, "product": 65}, {"photo": 181595, "product": 66}, {"photo": 233052, "product": 67}, {"photo": 232421, "product": 68}, {"photo": 232419, "product": 68}, {"photo": 186633, "product": 69}, {"photo": 186634, "product": 69}, {"photo": 228454, "product": 70}, {"photo": 227778, "product": 71}, {"photo": 133043, "product": 72}, {"photo": 237895, "product": 73}, {"photo": 186886, "product": 74}, {"photo": 141905, "product": 75}, {"photo": 377557, "product": 76}, {"photo": 185837, "product": 77}, {"photo": 178198, "product": 78}, {"photo": 399149, "product": 79}, {"photo": 378167, "product": 80}, {"photo": 93788, "product": 81}, {"photo": 227719, "product": 82}, {"photo": 274158, "product": 83}, {"photo": 224468, "product": 84}, {"photo": 353723, "product": 85}, {"photo": 378216, "product": 86}, {"photo": 353489, "product": 87}, {"photo": 151203, "product": 88}, {"photo": 220444, "product": 89}, {"photo": 274812, "product": 90}, {"photo": 307289, "product": 91}, {"photo": 182089, "product": 92}, {"photo": 234728, "product": 93}, {"photo": 378797, "product": 94}, {"photo": 227550, "product": 95}, {"photo": 220845, "product": 96}, {"photo": 236416, "product": 97}, {"photo": 105491, "product": 98}, {"photo": 302851, "product": 99}, {"photo": 233895, "product": 100}, {"photo": 410543, "product": 101}, {"photo": 227633, "product": 102}, {"photo": 227706, "product": 103}, {"photo": 227705, "product": 103}, {"photo": 330724, "product": 104}, {"photo": 188085, "product": 105}, {"photo": 378236, "product": 106}, {"photo": 91683, "product": 107}, {"photo": 271806, "product": 108}, {"photo": 271805, "product": 108}, {"photo": 23333, "product": 109}, {"photo": 23334, "product": 109}, {"photo": 23335, "product": 109}, {"photo": 23336, "product": 109}, {"photo": 234413, "product": 110}, {"photo": 184519, "product": 111}, {"photo": 220119, "product": 112}, {"photo": 353412, "product": 113}, {"photo": 182462, "product": 114}, {"photo": 227308, "product": 115}, {"photo": 59506, "product": 116}, {"photo": 59508, "product": 116}, {"photo": 59511, "product": 116}, {"photo": 228422, "product": 117}, {"photo": 227347, "product": 118}, {"photo": 227348, "product": 118}, {"photo": 237769, "product": 119}, {"photo": 147270, "product": 120}, {"photo": 229172, "product": 121}, {"photo": 48571, "product": 122}, {"photo": 48572, "product": 122}, {"photo": 48573, "product": 122}, {"photo": 235270, "product": 123}, {"photo": 184491, "product": 124}, {"photo": 150341, "product": 125}, {"photo": 253987, "product": 126}, {"photo": 227860, "product": 127}, {"photo": 185698, "product": 128}, {"photo": 108743, "product": 129}, {"photo": 184850, "product": 130}, {"photo": 182466, "product": 131}, {"photo": 182467, "product": 131}, {"photo": 91940, "product": 132}, {"photo": 187149, "product": 133}, {"photo": 228091, "product": 134}, {"photo": 231900, "product": 135}, {"photo": 184303, "product": 136}, {"photo": 378182, "product": 137}, {"photo": 187901, "product": 138}, {"photo": 224861, "product": 139}, {"photo": 50127, "product": 140}, {"photo": 50129, "product": 140}, {"photo": 50131, "product": 140}, {"photo": 50132, "product": 140}, {"photo": 93774, "product": 141}, {"photo": 129026, "product": 142}, {"photo": 236828, "product": 143}, {"photo": 227847, "product": 144}, {"photo": 227418, "product": 145}, {"photo": 237047, "product": 146}, {"photo": 419952, "product": 147}, {"photo": 327646, "product": 148}, {"photo": 228258, "product": 149}, {"photo": 133158, "product": 150}, {"photo": 220424, "product": 151}, {"photo": 228437, "product": 152}, {"photo": 34633, "product": 153}, {"photo": 34634, "product": 153}, {"photo": 34635, "product": 153}, {"photo": 34636, "product": 153}, {"photo": 381964, "product": 154}, {"photo": 274009, "product": 155}, {"photo": 182249, "product": 156}, {"photo": 182248, "product": 156}, {"photo": 151923, "product": 157}, {"photo": 377622, "product": 158}, {"photo": 179167, "product": 159}, {"photo": 149535, "product": 160}, {"photo": 229169, "product": 161}, {"photo": 179790, "product": 162}, {"photo": 272784, "product": 163}, {"photo": 227690, "product": 164}, {"photo": 184209, "product": 165}, {"photo": 191298, "product": 166}, {"photo": 64642, "product": 167}, {"photo": 180463, "product": 168}, {"photo": 226469, "product": 169}, {"photo": 353406, "product": 170}, {"photo": 235549, "product": 171}, {"photo": 235548, "product": 171}, {"photo": 223055, "product": 172}, {"photo": 378533, "product": 173}, {"photo": 273485, "product": 174}, {"photo": 273486, "product": 174}, {"photo": 185557, "product": 175}, {"photo": 181823, "product": 176}, {"photo": 236078, "product": 177}, {"photo": 227889, "product": 178}, {"photo": 91738, "product": 179}, {"photo": 227977, "product": 180}, {"photo": 353102, "product": 181}, {"photo": 222620, "product": 182}, {"photo": 222622, "product": 182}, {"photo": 235249, "product": 183}, {"photo": 340500, "product": 184}, {"photo": 93741, "product": 185}, {"photo": 222683, "product": 186}, {"photo": 231832, "product": 187}, {"photo": 226701, "product": 188}, {"photo": 235797, "product": 189}, {"photo": 188119, "product": 190}, {"photo": 228362, "product": 191}, {"photo": 250022, "product": 192}, {"photo": 221859, "product": 193}, {"photo": 185159, "product": 194}, {"photo": 227501, "product": 195}, {"photo": 227500, "product": 195}, {"photo": 340029, "product": 196}, {"photo": 340030, "product": 196}, {"photo": 159549, "product": 197}, {"photo": 222435, "product": 198}, {"photo": 57443, "product": 199}, {"photo": 57444, "product": 199}, {"photo": 57445, "product": 199}, {"photo": 227888, "product": 200}, {"photo": 91548, "product": 201}, {"photo": 378051, "product": 202}, {"photo": 422585, "product": 203}, {"photo": 182616, "product": 204}, {"photo": 92235, "product": 205}, {"photo": 178658, "product": 206}, {"photo": 63506, "product": 207}, {"photo": 63507, "product": 207}, {"photo": 63508, "product": 207}, {"photo": 149379, "product": 208}, {"photo": 183241, "product": 209}, {"photo": 184151, "product": 210}, {"photo": 249940, "product": 211}, {"photo": 302421, "product": 212}, {"photo": 302422, "product": 212}, {"photo": 91914, "product": 213}, {"photo": 182740, "product": 214}, {"photo": 222396, "product": 215}, {"photo": 222394, "product": 215}, {"photo": 222397, "product": 215}, {"photo": 222395, "product": 215}, {"photo": 235923, "product": 216}, {"photo": 178857, "product": 217}, {"photo": 105970, "product": 218}, {"photo": 227707, "product": 219}, {"photo": 177694, "product": 220}, {"photo": 232468, "product": 221}, {"photo": 91340, "product": 222}, {"photo": 327491, "product": 223}, {"photo": 377636, "product": 224}, {"photo": 237057, "product": 225}, {"photo": 231701, "product": 226}, {"photo": 187398, "product": 227}, {"photo": 187397, "product": 227}, {"photo": 234650, "product": 228}, {"photo": 224536, "product": 229}, {"photo": 226911, "product": 230}, {"photo": 179579, "product": 231}, {"photo": 399511, "product": 232}, {"photo": 377767, "product": 233}, {"photo": 378230, "product": 234}, {"photo": 51888, "product": 235}, {"photo": 51890, "product": 235}, {"photo": 51893, "product": 235}, {"photo": 233404, "product": 236}, {"photo": 235198, "product": 237}, {"photo": 147319, "product": 238}, {"photo": 340559, "product": 239}, {"photo": 179880, "product": 240}, {"photo": 231742, "product": 241}, {"photo": 92214, "product": 242}, {"photo": 361432, "product": 243}, {"photo": 147892, "product": 244}, {"photo": 179281, "product": 245}, {"photo": 232351, "product": 246}, {"photo": 183434, "product": 247}, {"photo": 274314, "product": 248}, {"photo": 183960, "product": 249}, {"photo": 225133, "product": 250}, {"photo": 400116, "product": 251}, {"photo": 185571, "product": 252}, {"photo": 254343, "product": 253}, {"photo": 220177, "product": 254}, {"photo": 302386, "product": 255}, {"photo": 149507, "product": 256}, {"photo": 233421, "product": 257}, {"photo": 378286, "product": 258}, {"photo": 340285, "product": 259}, {"photo": 327465, "product": 260}, {"photo": 339991, "product": 261}, {"photo": 413678, "product": 262}, {"photo": 249580, "product": 263}, {"photo": 112589, "product": 264}, {"photo": 185481, "product": 265}, {"photo": 192177, "product": 266}, {"photo": 191138, "product": 267}, {"photo": 220345, "product": 268}, {"photo": 230453, "product": 269}, {"photo": 353490, "product": 270}, {"photo": 133514, "product": 271}, {"photo": 187109, "product": 272}, {"photo": 231019, "product": 273}, {"photo": 378241, "product": 274}, {"photo": 184999, "product": 275}, {"photo": 413278, "product": 276}, {"photo": 184837, "product": 277}, {"photo": 223715, "product": 278}, {"photo": 378220, "product": 279}, {"photo": 237553, "product": 280}, {"photo": 227954, "product": 281}, {"photo": 228269, "product": 282}, {"photo": 228268, "product": 282}, {"photo": 87260, "product": 283}, {"photo": 87261, "product": 283}, {"photo": 87262, "product": 283}, {"photo": 87263, "product": 283}, {"photo": 364489, "product": 284}, {"photo": 233644, "product": 285}, {"photo": 92106, "product": 286}, {"photo": 223787, "product": 287}, {"photo": 116898, "product": 288}, {"photo": 186519, "product": 289}, {"photo": 377790, "product": 290}, {"photo": 92145, "product": 291}, {"photo": 232536, "product": 292}, {"photo": 400015, "product": 293}, {"photo": 32316, "product": 294}, {"photo": 32317, "product": 294}, {"photo": 32319, "product": 294}, {"photo": 32321, "product": 294}, {"photo": 222696, "product": 295}, {"photo": 182128, "product": 296}, {"photo": 187912, "product": 297}, {"photo": 227669, "product": 298}, {"photo": 378227, "product": 299}, {"photo": 233296, "product": 300}, {"photo": 184765, "product": 301}, {"photo": 93728, "product": 302}, {"photo": 133166, "product": 303}, {"photo": 274303, "product": 304}, {"photo": 234673, "product": 305}, {"photo": 379966, "product": 306}, {"photo": 184974, "product": 307}, {"photo": 235391, "product": 308}, {"photo": 235392, "product": 308}, {"photo": 227539, "product": 309}, {"photo": 147963, "product": 310}, {"photo": 378482, "product": 311}, {"photo": 227589, "product": 312}, {"photo": 234764, "product": 313}, {"photo": 320595, "product": 314}, {"photo": 147426, "product": 315}, {"photo": 231508, "product": 316}, {"photo": 227681, "product": 317}, {"photo": 149277, "product": 318}, {"photo": 57184, "product": 319}, {"photo": 57185, "product": 319}, {"photo": 57186, "product": 319}, {"photo": 227632, "product": 320}, {"photo": 327585, "product": 321}, {"photo": 302797, "product": 322}, {"photo": 413419, "product": 323}, {"photo": 353453, "product": 324}, {"photo": 192303, "product": 325}, {"photo": 377271, "product": 326}, {"photo": 220425, "product": 327}, {"photo": 185654, "product": 328}, {"photo": 186856, "product": 329}, {"photo": 274385, "product": 330}, {"photo": 327487, "product": 331}, {"photo": 233196, "product": 332}, {"photo": 129382, "product": 333}, {"photo": 227489, "product": 334}, {"photo": 227882, "product": 335}, {"photo": 230946, "product": 336}, {"photo": 149635, "product": 337}, {"photo": 90946, "product": 338}, {"photo": 233214, "product": 339}, {"photo": 377537, "product": 340}, {"photo": 377536, "product": 340}, {"photo": 235487, "product": 341}, {"photo": 221899, "product": 342}, {"photo": 307467, "product": 343}, {"photo": 150019, "product": 344}, {"photo": 400745, "product": 345}, {"photo": 227340, "product": 346}, {"photo": 62067, "product": 347}, {"photo": 62068, "product": 347}, {"photo": 62069, "product": 347}, {"photo": 62070, "product": 347}, {"photo": 62071, "product": 347}, {"photo": 62073, "product": 347}, {"photo": 62075, "product": 347}, {"photo": 62077, "product": 347}, {"photo": 62079, "product": 347}, {"photo": 220931, "product": 348}, {"photo": 202071, "product": 349}, {"photo": 224893, "product": 350}, {"photo": 224896, "product": 350}, {"photo": 184202, "product": 351}, {"photo": 421651, "product": 352}, {"photo": 180051, "product": 353}, {"photo": 422304, "product": 354}, {"photo": 232440, "product": 355}, {"photo": 232439, "product": 355}, {"photo": 236094, "product": 356}, {"photo": 236093, "product": 356}, {"photo": 150791, "product": 357}, {"photo": 151058, "product": 358}, {"photo": 185723, "product": 359}, {"photo": 185916, "product": 360}, {"photo": 274399, "product": 361}, {"photo": 414606, "product": 362}, {"photo": 353591, "product": 363}, {"photo": 186717, "product": 364}, {"photo": 186716, "product": 364}, {"photo": 378090, "product": 365}, {"photo": 78761, "product": 366}, {"photo": 78762, "product": 366}, {"photo": 78763, "product": 366}, {"photo": 378312, "product": 367}, {"photo": 235457, "product": 368}, {"photo": 93739, "product": 369}, {"photo": 149643, "product": 370}, {"photo": 236127, "product": 371}, {"photo": 353351, "product": 372}, {"photo": 237185, "product": 373}, {"photo": 237186, "product": 373}, {"photo": 180017, "product": 374}, {"photo": 70432, "product": 375}, {"photo": 70433, "product": 375}, {"photo": 70434, "product": 375}, {"photo": 232350, "product": 376}, {"photo": 413462, "product": 377}, {"photo": 378980, "product": 378}, {"photo": 63587, "product": 379}, {"photo": 63588, "product": 379}, {"photo": 63589, "product": 379}, {"photo": 221323, "product": 380}, {"photo": 274464, "product": 381}, {"photo": 222262, "product": 382}, {"photo": 327289, "product": 383}, {"photo": 223441, "product": 384}, {"photo": 353359, "product": 385}, {"photo": 183097, "product": 386}, {"photo": 149683, "product": 387}, {"photo": 378153, "product": 388}, {"photo": 230920, "product": 389}, {"photo": 232970, "product": 390}, {"photo": 91492, "product": 391}, {"photo": 237723, "product": 392}, {"photo": 147243, "product": 393}, {"photo": 231058, "product": 394}, {"photo": 399732, "product": 395}, {"photo": 93670, "product": 396}, {"photo": 222448, "product": 397}, {"photo": 105149, "product": 398}, {"photo": 235778, "product": 399}, {"photo": 221000, "product": 400}, {"photo": 254001, "product": 401}, {"photo": 274606, "product": 402}, {"photo": 148472, "product": 403}, {"photo": 50022, "product": 404}, {"photo": 50023, "product": 404}, {"photo": 50024, "product": 404}, {"photo": 50025, "product": 404}, {"photo": 50026, "product": 404}, {"photo": 235172, "product": 405}, {"photo": 235171, "product": 405}, {"photo": 182216, "product": 406}, {"photo": 327595, "product": 407}, {"photo": 118044, "product": 408}, {"photo": 229003, "product": 409}, {"photo": 274042, "product": 410}, {"photo": 186334, "product": 411}, {"photo": 232489, "product": 412}, {"photo": 227499, "product": 413}, {"photo": 378135, "product": 414}, {"photo": 424517, "product": 415}, {"photo": 378500, "product": 416}, {"photo": 133488, "product": 417}, {"photo": 159905, "product": 418}, {"photo": 231491, "product": 419}, {"photo": 237677, "product": 420}, {"photo": 220159, "product": 421}, {"photo": 224901, "product": 422}, {"photo": 186268, "product": 423}, {"photo": 129252, "product": 424}, {"photo": 232769, "product": 425}, {"photo": 378087, "product": 426}, {"photo": 52633, "product": 427}, {"photo": 52635, "product": 427}, {"photo": 52636, "product": 427}, {"photo": 220819, "product": 428}, {"photo": 220823, "product": 428}, {"photo": 149407, "product": 429}, {"photo": 191566, "product": 430}, {"photo": 274556, "product": 431}, {"photo": 184415, "product": 432}, {"photo": 185055, "product": 433}, {"photo": 185057, "product": 433}, {"photo": 222264, "product": 434}, {"photo": 221120, "product": 435}, {"photo": 221121, "product": 435}, {"photo": 227530, "product": 436}, {"photo": 227517, "product": 437}, {"photo": 237959, "product": 438}, {"photo": 185230, "product": 439}, {"photo": 353470, "product": 440}, {"photo": 92276, "product": 441}, {"photo": 353553, "product": 442}, {"photo": 274013, "product": 443}, {"photo": 222544, "product": 444}, {"photo": 191560, "product": 445}, {"photo": 228308, "product": 446}, {"photo": 233566, "product": 447}, {"photo": 203244, "product": 448}, {"photo": 250552, "product": 449}, {"photo": 80280, "product": 450}, {"photo": 80281, "product": 450}, {"photo": 80282, "product": 450}, {"photo": 227645, "product": 451}, {"photo": 148493, "product": 452}, {"photo": 251024, "product": 453}, {"photo": 178151, "product": 454}, {"photo": 233209, "product": 455}, {"photo": 232306, "product": 456}, {"photo": 185575, "product": 457}, {"photo": 353476, "product": 458}, {"photo": 177696, "product": 459}, {"photo": 303139, "product": 460}, {"photo": 182039, "product": 461}, {"photo": 274457, "product": 462}, {"photo": 224320, "product": 463}, {"photo": 227869, "product": 464}, {"photo": 227467, "product": 465}, {"photo": 320663, "product": 466}, {"photo": 228521, "product": 467}, {"photo": 228234, "product": 468}, {"photo": 377888, "product": 469}, {"photo": 56340, "product": 470}, {"photo": 56341, "product": 470}, {"photo": 56343, "product": 470}, {"photo": 360511, "product": 471}, {"photo": 377549, "product": 472}, {"photo": 377548, "product": 472}, {"photo": 149231, "product": 473}, {"photo": 411023, "product": 474}, {"photo": 230760, "product": 475}, {"photo": 130024, "product": 476}, {"photo": 221935, "product": 477}, {"photo": 221932, "product": 477}, {"photo": 150434, "product": 478}, {"photo": 424456, "product": 479}, {"photo": 378274, "product": 480}, {"photo": 131018, "product": 481}, {"photo": 274133, "product": 482}, {"photo": 274134, "product": 482}, {"photo": 231126, "product": 483}, {"photo": 148588, "product": 484}, {"photo": 91784, "product": 485}, {"photo": 236139, "product": 486}, {"photo": 186152, "product": 487}, {"photo": 186150, "product": 487}, {"photo": 227494, "product": 488}, {"photo": 400450, "product": 489}, {"photo": 93794, "product": 490}, {"photo": 320594, "product": 491}, {"photo": 339938, "product": 492}, {"photo": 422452, "product": 493}, {"photo": 234770, "product": 494}, {"photo": 235096, "product": 495}, {"photo": 148694, "product": 496}, {"photo": 227704, "product": 497}, {"photo": 231466, "product": 498}, {"photo": 185816, "product": 499}, {"photo": 92097, "product": 500}, {"photo": 353176, "product": 501}, {"photo": 176536, "product": 502}, {"photo": 117867, "product": 503}, {"photo": 353472, "product": 504}, {"photo": 353469, "product": 505}, {"photo": 177263, "product": 505}, {"photo": 228352, "product": 506}, {"photo": 162399, "product": 507}, {"photo": 149290, "product": 508}, {"photo": 220686, "product": 509}, {"photo": 179999, "product": 510}, {"photo": 179998, "product": 510}, {"photo": 133573, "product": 511}, {"photo": 340526, "product": 512}, {"photo": 158599, "product": 513}, {"photo": 30841, "product": 514}, {"photo": 30842, "product": 514}, {"photo": 30844, "product": 514}, {"photo": 149546, "product": 515}, {"photo": 227478, "product": 516}, {"photo": 159277, "product": 517}, {"photo": 400619, "product": 518}, {"photo": 183940, "product": 519}, {"photo": 183941, "product": 519}, {"photo": 177864, "product": 520}, {"photo": 254195, "product": 521}, {"photo": 223647, "product": 522}, {"photo": 230730, "product": 523}, {"photo": 399910, "product": 524}, {"photo": 419514, "product": 525}, {"photo": 224520, "product": 526}, {"photo": 91686, "product": 527}, {"photo": 200901, "product": 528}, {"photo": 107470, "product": 529}, {"photo": 320338, "product": 530}, {"photo": 353795, "product": 531}, {"photo": 378470, "product": 532}, {"photo": 378469, "product": 532}, {"photo": 302995, "product": 533}, {"photo": 303043, "product": 534}, {"photo": 159391, "product": 535}, {"photo": 228396, "product": 536}, {"photo": 228395, "product": 536}, {"photo": 228397, "product": 536}, {"photo": 228400, "product": 536}, {"photo": 254329, "product": 537}, {"photo": 67842, "product": 538}, {"photo": 67843, "product": 538}, {"photo": 67844, "product": 538}, {"photo": 340270, "product": 539}, {"photo": 151528, "product": 540}, {"photo": 151527, "product": 540}, {"photo": 339342, "product": 541}, {"photo": 181836, "product": 542}, {"photo": 64707, "product": 543}, {"photo": 129287, "product": 544}, {"photo": 184142, "product": 545}, {"photo": 64563, "product": 546}, {"photo": 378805, "product": 547}, {"photo": 229971, "product": 548}, {"photo": 229970, "product": 548}, {"photo": 179810, "product": 549}, {"photo": 179807, "product": 549}, {"photo": 185581, "product": 550}, {"photo": 148162, "product": 551}, {"photo": 183669, "product": 552}, {"photo": 178153, "product": 553}, {"photo": 117657, "product": 554}, {"photo": 237243, "product": 555}, {"photo": 237246, "product": 555}, {"photo": 378253, "product": 556}, {"photo": 227610, "product": 557}, {"photo": 353535, "product": 558}, {"photo": 92271, "product": 559}, {"photo": 250193, "product": 560}, {"photo": 187908, "product": 561}, {"photo": 116652, "product": 562}, {"photo": 223847, "product": 563}, {"photo": 223849, "product": 563}, {"photo": 228206, "product": 564}, {"photo": 325356, "product": 565}, {"photo": 118837, "product": 566}, {"photo": 150761, "product": 567}, {"photo": 150757, "product": 567}, {"photo": 232695, "product": 568}, {"photo": 232696, "product": 568}, {"photo": 353397, "product": 569}, {"photo": 233280, "product": 570}, {"photo": 225875, "product": 571}, {"photo": 183153, "product": 572}, {"photo": 222342, "product": 573}, {"photo": 40647, "product": 574}, {"photo": 40648, "product": 574}, {"photo": 40649, "product": 574}, {"photo": 40650, "product": 574}, {"photo": 234926, "product": 575}, {"photo": 190303, "product": 576}, {"photo": 202567, "product": 577}, {"photo": 187752, "product": 578}, {"photo": 162141, "product": 579}, {"photo": 178150, "product": 580}, {"photo": 353513, "product": 580}, {"photo": 228414, "product": 581}, {"photo": 400646, "product": 582}, {"photo": 129980, "product": 583}, {"photo": 129979, "product": 583}, {"photo": 227899, "product": 584}, {"photo": 236910, "product": 585}, {"photo": 223609, "product": 585}, {"photo": 274507, "product": 586}, {"photo": 378277, "product": 587}, {"photo": 231639, "product": 588}, {"photo": 233149, "product": 589}, {"photo": 221102, "product": 590}, {"photo": 237971, "product": 591}, {"photo": 222530, "product": 592}, {"photo": 117635, "product": 593}, {"photo": 185127, "product": 594}, {"photo": 233560, "product": 595}, {"photo": 92267, "product": 596}, {"photo": 235946, "product": 597}, {"photo": 92213, "product": 598}, {"photo": 227409, "product": 599}, {"photo": 236674, "product": 600}, {"photo": 178388, "product": 601}, {"photo": 221519, "product": 602}, {"photo": 183882, "product": 603}, {"photo": 70458, "product": 604}, {"photo": 70460, "product": 604}, {"photo": 70462, "product": 604}, {"photo": 70464, "product": 604}, {"photo": 340383, "product": 605}, {"photo": 227736, "product": 606}, {"photo": 148855, "product": 607}, {"photo": 362585, "product": 608}, {"photo": 227616, "product": 609}, {"photo": 116734, "product": 610}, {"photo": 378240, "product": 611}, {"photo": 184089, "product": 612}, {"photo": 184090, "product": 612}, {"photo": 250149, "product": 613}, {"photo": 223891, "product": 614}, {"photo": 234541, "product": 615}, {"photo": 224750, "product": 616}, {"photo": 224749, "product": 616}, {"photo": 205094, "product": 617}, {"photo": 237631, "product": 618}, {"photo": 237632, "product": 618}, {"photo": 274318, "product": 619}, {"photo": 378397, "product": 620}, {"photo": 148284, "product": 621}, {"photo": 148283, "product": 621}, {"photo": 377602, "product": 622}, {"photo": 424247, "product": 623}, {"photo": 377185, "product": 624}, {"photo": 235730, "product": 625}, {"photo": 224886, "product": 626}, {"photo": 186769, "product": 627}, {"photo": 184280, "product": 628}, {"photo": 185522, "product": 629}, {"photo": 237865, "product": 630}, {"photo": 62832, "product": 631}, {"photo": 62833, "product": 631}, {"photo": 62834, "product": 631}, {"photo": 62835, "product": 631}, {"photo": 62836, "product": 631}, {"photo": 62837, "product": 631}, {"photo": 274267, "product": 632}, {"photo": 186112, "product": 633}, {"photo": 234246, "product": 634}, {"photo": 320387, "product": 635}, {"photo": 353487, "product": 636}, {"photo": 249833, "product": 637}, {"photo": 183954, "product": 638}, {"photo": 183953, "product": 638}, {"photo": 181964, "product": 639}, {"photo": 179517, "product": 640}, {"photo": 227655, "product": 641}, {"photo": 231414, "product": 642}, {"photo": 231413, "product": 642}, {"photo": 118823, "product": 643}, {"photo": 163427, "product": 644}, {"photo": 63525, "product": 645}, {"photo": 63526, "product": 645}, {"photo": 63527, "product": 645}, {"photo": 63528, "product": 645}, {"photo": 235956, "product": 646}, {"photo": 226699, "product": 647}, {"photo": 353525, "product": 648}, {"photo": 222741, "product": 649}, {"photo": 237889, "product": 650}, {"photo": 307371, "product": 651}, {"photo": 186172, "product": 652}, {"photo": 186173, "product": 652}, {"photo": 226687, "product": 653}, {"photo": 232853, "product": 654}, {"photo": 83736, "product": 655}, {"photo": 83737, "product": 655}, {"photo": 83738, "product": 655}, {"photo": 163539, "product": 656}, {"photo": 183026, "product": 657}, {"photo": 274272, "product": 658}, {"photo": 184091, "product": 659}, {"photo": 184095, "product": 659}, {"photo": 184094, "product": 659}, {"photo": 222729, "product": 660}, {"photo": 223846, "product": 661}, {"photo": 237332, "product": 662}, {"photo": 132679, "product": 663}, {"photo": 93797, "product": 664}, {"photo": 222681, "product": 665}, {"photo": 378121, "product": 666}, {"photo": 353614, "product": 667}, {"photo": 104369, "product": 668}, {"photo": 422408, "product": 669}, {"photo": 148745, "product": 670}, {"photo": 147411, "product": 671}, {"photo": 106978, "product": 672}, {"photo": 353686, "product": 673}, {"photo": 228302, "product": 674}, {"photo": 221954, "product": 675}, {"photo": 350797, "product": 676}, {"photo": 234965, "product": 677}, {"photo": 234966, "product": 677}, {"photo": 272864, "product": 678}, {"photo": 378790, "product": 679}, {"photo": 411497, "product": 680}, {"photo": 60999, "product": 681}, {"photo": 61000, "product": 681}, {"photo": 61001, "product": 681}, {"photo": 183901, "product": 682}, {"photo": 183895, "product": 682}, {"photo": 183900, "product": 682}, {"photo": 82239, "product": 683}, {"photo": 82240, "product": 683}, {"photo": 82241, "product": 683}, {"photo": 82242, "product": 683}, {"photo": 222573, "product": 684}, {"photo": 91917, "product": 685}, {"photo": 303754, "product": 686}, {"photo": 400433, "product": 687}, {"photo": 105201, "product": 688}, {"photo": 184052, "product": 689}, {"photo": 222855, "product": 690}, {"photo": 235089, "product": 691}, {"photo": 87701, "product": 692}, {"photo": 87702, "product": 692}, {"photo": 87703, "product": 692}, {"photo": 87704, "product": 692}, {"photo": 178741, "product": 693}, {"photo": 423828, "product": 694}, {"photo": 227518, "product": 695}, {"photo": 221340, "product": 696}, {"photo": 221341, "product": 696}, {"photo": 226457, "product": 697}, {"photo": 222030, "product": 698}, {"photo": 274301, "product": 699}, {"photo": 353452, "product": 700}, {"photo": 249937, "product": 701}, {"photo": 234845, "product": 702}, {"photo": 324603, "product": 703}, {"photo": 50602, "product": 704}, {"photo": 50603, "product": 704}, {"photo": 50604, "product": 704}, {"photo": 50605, "product": 704}, {"photo": 159162, "product": 705}, {"photo": 178285, "product": 706}, {"photo": 178286, "product": 706}, {"photo": 184946, "product": 707}, {"photo": 225973, "product": 708}, {"photo": 183128, "product": 709}, {"photo": 227300, "product": 710}, {"photo": 234453, "product": 710}, {"photo": 302406, "product": 711}, {"photo": 353484, "product": 712}, {"photo": 221286, "product": 713}, {"photo": 180648, "product": 714}, {"photo": 231478, "product": 715}, {"photo": 221157, "product": 716}, {"photo": 221158, "product": 716}, {"photo": 227746, "product": 717}, {"photo": 227745, "product": 717}, {"photo": 63156, "product": 718}, {"photo": 63157, "product": 718}, {"photo": 63158, "product": 718}, {"photo": 272772, "product": 719}, {"photo": 340316, "product": 720}, {"photo": 400214, "product": 721}, {"photo": 227509, "product": 722}, {"photo": 421946, "product": 723}, {"photo": 186117, "product": 724}, {"photo": 377491, "product": 725}, {"photo": 272828, "product": 726}, {"photo": 226203, "product": 727}, {"photo": 226202, "product": 727}, {"photo": 183541, "product": 728}, {"photo": 232378, "product": 729}, {"photo": 377270, "product": 730}, {"photo": 185737, "product": 731}, {"photo": 185738, "product": 731}, {"photo": 93740, "product": 732}, {"photo": 233760, "product": 733}, {"photo": 232100, "product": 734}, {"photo": 162747, "product": 735}, {"photo": 221324, "product": 736}, {"photo": 250491, "product": 737}, {"photo": 228413, "product": 738}, {"photo": 185669, "product": 739}, {"photo": 378322, "product": 740}, {"photo": 232151, "product": 741}, {"photo": 378740, "product": 742}, {"photo": 93813, "product": 743}, {"photo": 250441, "product": 744}, {"photo": 228257, "product": 745}, {"photo": 61880, "product": 746}, {"photo": 61881, "product": 746}, {"photo": 61882, "product": 746}, {"photo": 61883, "product": 746}, {"photo": 378233, "product": 747}, {"photo": 274224, "product": 748}, {"photo": 234797, "product": 749}, {"photo": 129098, "product": 750}, {"photo": 234507, "product": 751}, {"photo": 235551, "product": 752}, {"photo": 221873, "product": 753}, {"photo": 236637, "product": 754}, {"photo": 222701, "product": 755}, {"photo": 228103, "product": 756}, {"photo": 223417, "product": 757}, {"photo": 186267, "product": 758}, {"photo": 235375, "product": 759}, {"photo": 228250, "product": 760}, {"photo": 189303, "product": 761}, {"photo": 162139, "product": 762}, {"photo": 422446, "product": 763}, {"photo": 422447, "product": 763}, {"photo": 327443, "product": 764}, {"photo": 304846, "product": 765}, {"photo": 235929, "product": 766}, {"photo": 184350, "product": 767}, {"photo": 226547, "product": 768}, {"photo": 309540, "product": 769}, {"photo": 378189, "product": 770}, {"photo": 340095, "product": 771}, {"photo": 340096, "product": 771}, {"photo": 186289, "product": 772}, {"photo": 226768, "product": 773}, {"photo": 52951, "product": 774}, {"photo": 52954, "product": 774}, {"photo": 52956, "product": 774}, {"photo": 97381, "product": 774}, {"photo": 229451, "product": 775}, {"photo": 229454, "product": 775}, {"photo": 227498, "product": 776}, {"photo": 232441, "product": 777}, {"photo": 181345, "product": 778}, {"photo": 181926, "product": 779}, {"photo": 229221, "product": 780}, {"photo": 221168, "product": 781}, {"photo": 339835, "product": 782}, {"photo": 378389, "product": 783}, {"photo": 236336, "product": 784}, {"photo": 232993, "product": 785}, {"photo": 232992, "product": 785}, {"photo": 233177, "product": 786}, {"photo": 181947, "product": 787}, {"photo": 377384, "product": 788}, {"photo": 234909, "product": 789}, {"photo": 353467, "product": 790}, {"photo": 274733, "product": 791}, {"photo": 224646, "product": 792}, {"photo": 202477, "product": 793}, {"photo": 364792, "product": 794}, {"photo": 378272, "product": 795}, {"photo": 233737, "product": 796}, {"photo": 327366, "product": 797}, {"photo": 274132, "product": 798}, {"photo": 133132, "product": 799}, {"photo": 134028, "product": 800}, {"photo": 303046, "product": 801}, {"photo": 61727, "product": 802}, {"photo": 61728, "product": 802}, {"photo": 61729, "product": 802}, {"photo": 61730, "product": 802}, {"photo": 61731, "product": 802}, {"photo": 61732, "product": 802}, {"photo": 61733, "product": 802}, {"photo": 97339, "product": 802}, {"photo": 378313, "product": 803}, {"photo": 22935, "product": 804}, {"photo": 22936, "product": 804}, {"photo": 22937, "product": 804}, {"photo": 250502, "product": 805}, {"photo": 422441, "product": 806}, {"photo": 309512, "product": 807}, {"photo": 378439, "product": 808}, {"photo": 353418, "product": 809}, {"photo": 61756, "product": 810}, {"photo": 61758, "product": 810}, {"photo": 61760, "product": 810}, {"photo": 93779, "product": 811}, {"photo": 274179, "product": 812}, {"photo": 377693, "product": 813}, {"photo": 48100, "product": 814}, {"photo": 48101, "product": 814}, {"photo": 48102, "product": 814}, {"photo": 228529, "product": 815}, {"photo": 229132, "product": 816}, {"photo": 229130, "product": 816}, {"photo": 64425, "product": 817}, {"photo": 232694, "product": 818}, {"photo": 235104, "product": 819}, {"photo": 234999, "product": 820}, {"photo": 234997, "product": 820}, {"photo": 378248, "product": 821}, {"photo": 223837, "product": 822}, {"photo": 223838, "product": 822}, {"photo": 226256, "product": 823}, {"photo": 163016, "product": 824}, {"photo": 272408, "product": 825}, {"photo": 85573, "product": 826}, {"photo": 85574, "product": 826}, {"photo": 85575, "product": 826}, {"photo": 85576, "product": 826}, {"photo": 220906, "product": 827}, {"photo": 220905, "product": 827}, {"photo": 353482, "product": 828}, {"photo": 120237, "product": 829}, {"photo": 223073, "product": 830}, {"photo": 149634, "product": 831}, {"photo": 121430, "product": 832}, {"photo": 149836, "product": 833}, {"photo": 187139, "product": 834}, {"photo": 224532, "product": 835}, {"photo": 150650, "product": 836}, {"photo": 220372, "product": 837}, {"photo": 202692, "product": 838}, {"photo": 227571, "product": 839}, {"photo": 231424, "product": 840}, {"photo": 181524, "product": 841}, {"photo": 181972, "product": 842}, {"photo": 274514, "product": 843}, {"photo": 221063, "product": 844}, {"photo": 361052, "product": 845}, {"photo": 231903, "product": 846}, {"photo": 413494, "product": 847}, {"photo": 121283, "product": 848}, {"photo": 203746, "product": 849}, {"photo": 87065, "product": 850}, {"photo": 87066, "product": 850}, {"photo": 87067, "product": 850}, {"photo": 87068, "product": 850}, {"photo": 87069, "product": 850}, {"photo": 87070, "product": 850}, {"photo": 232841, "product": 851}, {"photo": 232840, "product": 851}, {"photo": 254303, "product": 852}, {"photo": 151432, "product": 853}, {"photo": 378934, "product": 854}, {"photo": 133997, "product": 855}, {"photo": 235817, "product": 856}, {"photo": 272969, "product": 857}, {"photo": 220335, "product": 858}, {"photo": 411430, "product": 859}, {"photo": 158708, "product": 860}, {"photo": 381593, "product": 861}, {"photo": 93766, "product": 862}, {"photo": 227696, "product": 863}, {"photo": 54019, "product": 864}, {"photo": 54020, "product": 864}, {"photo": 54022, "product": 864}, {"photo": 54023, "product": 864}, {"photo": 121334, "product": 865}, {"photo": 188028, "product": 866}, {"photo": 183821, "product": 867}, {"photo": 184080, "product": 868}, {"photo": 228443, "product": 869}, {"photo": 353355, "product": 870}, {"photo": 191530, "product": 871}, {"photo": 191531, "product": 871}, {"photo": 149808, "product": 872}, {"photo": 61522, "product": 873}, {"photo": 61523, "product": 873}, {"photo": 61524, "product": 873}, {"photo": 227864, "product": 874}, {"photo": 227863, "product": 874}, {"photo": 227183, "product": 875}, {"photo": 182120, "product": 876}, {"photo": 320320, "product": 877}, {"photo": 184905, "product": 878}, {"photo": 378169, "product": 879}, {"photo": 148978, "product": 880}, {"photo": 148979, "product": 880}, {"photo": 233474, "product": 881}, {"photo": 227423, "product": 882}, {"photo": 233739, "product": 883}, {"photo": 116729, "product": 884}, {"photo": 182385, "product": 885}, {"photo": 378476, "product": 886}, {"photo": 227551, "product": 887}, {"photo": 148260, "product": 888}, {"photo": 340438, "product": 889}, {"photo": 120334, "product": 890}, {"photo": 226791, "product": 891}, {"photo": 226792, "product": 891}, {"photo": 340552, "product": 892}, {"photo": 181862, "product": 893}, {"photo": 228597, "product": 894}, {"photo": 91019, "product": 895}, {"photo": 340370, "product": 896}, {"photo": 185826, "product": 897}, {"photo": 185834, "product": 897}, {"photo": 21000, "product": 898}, {"photo": 21002, "product": 898}, {"photo": 21004, "product": 898}, {"photo": 21005, "product": 898}, {"photo": 21006, "product": 898}, {"photo": 237911, "product": 899}, {"photo": 237908, "product": 899}, {"photo": 93760, "product": 900}, {"photo": 237655, "product": 901}, {"photo": 225115, "product": 902}, {"photo": 185832, "product": 903}, {"photo": 185827, "product": 903}, {"photo": 182336, "product": 904}, {"photo": 151016, "product": 905}, {"photo": 163298, "product": 906}, {"photo": 249994, "product": 907}, {"photo": 148709, "product": 908}, {"photo": 133079, "product": 909}, {"photo": 184301, "product": 910}, {"photo": 147493, "product": 911}, {"photo": 182598, "product": 912}, {"photo": 233253, "product": 913}, {"photo": 178396, "product": 914}, {"photo": 377613, "product": 915}, {"photo": 224550, "product": 916}, {"photo": 422163, "product": 917}, {"photo": 221597, "product": 918}, {"photo": 203279, "product": 919}, {"photo": 49601, "product": 920}, {"photo": 49602, "product": 920}, {"photo": 49604, "product": 920}, {"photo": 410678, "product": 921}, {"photo": 234680, "product": 922}, {"photo": 185248, "product": 923}, {"photo": 227615, "product": 924}, {"photo": 339881, "product": 925}, {"photo": 236011, "product": 926}, {"photo": 227449, "product": 927}, {"photo": 272261, "product": 928}, {"photo": 222705, "product": 929}, {"photo": 235866, "product": 930}, {"photo": 189135, "product": 931}, {"photo": 225575, "product": 932}, {"photo": 227237, "product": 933}, {"photo": 35566, "product": 934}, {"photo": 35567, "product": 934}, {"photo": 35568, "product": 934}, {"photo": 35569, "product": 934}, {"photo": 119084, "product": 935}, {"photo": 228281, "product": 936}, {"photo": 222090, "product": 937}, {"photo": 274369, "product": 938}, {"photo": 221933, "product": 939}, {"photo": 118966, "product": 940}, {"photo": 222935, "product": 941}, {"photo": 227512, "product": 942}, {"photo": 49665, "product": 943}, {"photo": 49666, "product": 943}, {"photo": 49668, "product": 943}, {"photo": 235390, "product": 944}, {"photo": 91605, "product": 945}, {"photo": 400714, "product": 946}, {"photo": 273910, "product": 947}, {"photo": 331157, "product": 948}, {"photo": 331160, "product": 948}, {"photo": 331163, "product": 948}, {"photo": 353722, "product": 949}, {"photo": 223149, "product": 950}, {"photo": 185498, "product": 951}, {"photo": 180369, "product": 952}, {"photo": 400356, "product": 953}, {"photo": 272598, "product": 954}, {"photo": 205523, "product": 955}, {"photo": 184302, "product": 956}, {"photo": 228553, "product": 957}, {"photo": 274232, "product": 958}, {"photo": 353493, "product": 959}, {"photo": 274406, "product": 960}, {"photo": 179555, "product": 961}, {"photo": 223136, "product": 962}, {"photo": 202377, "product": 963}, {"photo": 364776, "product": 964}, {"photo": 117874, "product": 965}, {"photo": 191366, "product": 966}, {"photo": 158843, "product": 967}, {"photo": 229298, "product": 968}, {"photo": 180073, "product": 969}, {"photo": 233137, "product": 970}, {"photo": 182308, "product": 971}, {"photo": 235739, "product": 972}, {"photo": 413412, "product": 973}, {"photo": 274258, "product": 974}, {"photo": 364621, "product": 975}, {"photo": 226023, "product": 976}, {"photo": 112625, "product": 977}, {"photo": 62386, "product": 978}, {"photo": 62388, "product": 978}, {"photo": 62390, "product": 978}, {"photo": 234924, "product": 979}, {"photo": 180777, "product": 980}, {"photo": 377290, "product": 981}, {"photo": 147525, "product": 982}, {"photo": 52028, "product": 983}, {"photo": 52029, "product": 983}, {"photo": 52030, "product": 983}, {"photo": 413744, "product": 984}, {"photo": 65471, "product": 985}, {"photo": 65472, "product": 985}, {"photo": 65473, "product": 985}, {"photo": 304200, "product": 986}, {"photo": 227625, "product": 987}, {"photo": 227432, "product": 988}, {"photo": 226616, "product": 989}, {"photo": 227533, "product": 990}, {"photo": 223735, "product": 991}, {"photo": 274427, "product": 992}, {"photo": 232171, "product": 993}, {"photo": 273957, "product": 994}, {"photo": 226854, "product": 995}, {"photo": 302907, "product": 996}, {"photo": 221407, "product": 997}, {"photo": 327495, "product": 998}, {"photo": 232462, "product": 999}, {"photo": 185649, "product": 1000}, {"photo": 121360, "product": 1001}, {"photo": 222659, "product": 1002}, {"photo": 232597, "product": 1003}, {"photo": 162016, "product": 1004}, {"photo": 187818, "product": 1005}, {"photo": 185606, "product": 1006}, {"photo": 188360, "product": 1007}, {"photo": 150774, "product": 1008}, {"photo": 185967, "product": 1009}, {"photo": 232335, "product": 1010}, {"photo": 378511, "product": 1011}, {"photo": 185929, "product": 1012}, {"photo": 86574, "product": 1013}, {"photo": 86575, "product": 1013}, {"photo": 86576, "product": 1013}, {"photo": 86577, "product": 1013}, {"photo": 86578, "product": 1013}, {"photo": 86579, "product": 1013}, {"photo": 148345, "product": 1014}, {"photo": 184118, "product": 1015}, {"photo": 274432, "product": 1016}, {"photo": 57922, "product": 1017}, {"photo": 57923, "product": 1017}, {"photo": 57924, "product": 1017}, {"photo": 57925, "product": 1017}, {"photo": 57926, "product": 1017}, {"photo": 339720, "product": 1018}, {"photo": 107570, "product": 1019}, {"photo": 226809, "product": 1020}, {"photo": 227687, "product": 1021}, {"photo": 340488, "product": 1022}, {"photo": 227987, "product": 1023}, {"photo": 187357, "product": 1024}, {"photo": 303042, "product": 1025}, {"photo": 222210, "product": 1026}, {"photo": 151708, "product": 1027}, {"photo": 149783, "product": 1028}, {"photo": 183555, "product": 1029}, {"photo": 227831, "product": 1030}, {"photo": 228266, "product": 1031}, {"photo": 118974, "product": 1032}, {"photo": 249899, "product": 1033}, {"photo": 304633, "product": 1034}, {"photo": 304632, "product": 1034}, {"photo": 222144, "product": 1035}, {"photo": 340211, "product": 1036}, {"photo": 188097, "product": 1037}, {"photo": 108710, "product": 1038}, {"photo": 186413, "product": 1039}, {"photo": 184818, "product": 1040}, {"photo": 183254, "product": 1041}, {"photo": 226609, "product": 1042}, {"photo": 234481, "product": 1043}, {"photo": 133364, "product": 1044}, {"photo": 377607, "product": 1045}, {"photo": 188033, "product": 1046}, {"photo": 151395, "product": 1047}, {"photo": 185126, "product": 1048}, {"photo": 150866, "product": 1049}, {"photo": 226251, "product": 1050}, {"photo": 414536, "product": 1051}, {"photo": 235887, "product": 1052}, {"photo": 232780, "product": 1053}, {"photo": 232521, "product": 1054}, {"photo": 327527, "product": 1055}, {"photo": 327526, "product": 1055}, {"photo": 378423, "product": 1056}, {"photo": 377990, "product": 1057}, {"photo": 179934, "product": 1058}, {"photo": 340647, "product": 1059}, {"photo": 185599, "product": 1060}, {"photo": 186198, "product": 1061}, {"photo": 353511, "product": 1062}, {"photo": 180588, "product": 1063}, {"photo": 227893, "product": 1064}, {"photo": 91033, "product": 1065}, {"photo": 377718, "product": 1066}, {"photo": 63275, "product": 1067}, {"photo": 63276, "product": 1067}, {"photo": 63277, "product": 1067}, {"photo": 97320, "product": 1067}, {"photo": 227493, "product": 1068}, {"photo": 227407, "product": 1069}, {"photo": 91068, "product": 1070}, {"photo": 378774, "product": 1071}, {"photo": 70509, "product": 1072}, {"photo": 70510, "product": 1072}, {"photo": 70511, "product": 1072}, {"photo": 353315, "product": 1073}, {"photo": 227823, "product": 1074}, {"photo": 227824, "product": 1074}, {"photo": 353280, "product": 1075}, {"photo": 180393, "product": 1076}, {"photo": 233493, "product": 1077}, {"photo": 235954, "product": 1078}, {"photo": 149456, "product": 1079}, {"photo": 187289, "product": 1080}, {"photo": 187288, "product": 1080}, {"photo": 378255, "product": 1081}, {"photo": 223949, "product": 1082}, {"photo": 232618, "product": 1083}, {"photo": 192333, "product": 1084}, {"photo": 192331, "product": 1084}, {"photo": 192332, "product": 1084}, {"photo": 221985, "product": 1085}, {"photo": 413271, "product": 1086}, {"photo": 186291, "product": 1087}, {"photo": 235913, "product": 1088}, {"photo": 232247, "product": 1089}, {"photo": 232246, "product": 1089}, {"photo": 378161, "product": 1090}, {"photo": 157297, "product": 1091}, {"photo": 185766, "product": 1092}, {"photo": 181326, "product": 1093}, {"photo": 231755, "product": 1094}, {"photo": 273899, "product": 1095}, {"photo": 413307, "product": 1096}, {"photo": 353437, "product": 1097}, {"photo": 250034, "product": 1098}, {"photo": 228755, "product": 1099}, {"photo": 93793, "product": 1100}, {"photo": 233677, "product": 1101}, {"photo": 184949, "product": 1102}, {"photo": 274455, "product": 1103}, {"photo": 274269, "product": 1104}, {"photo": 232540, "product": 1105}, {"photo": 320371, "product": 1106}, {"photo": 183549, "product": 1107}, {"photo": 91440, "product": 1108}, {"photo": 303115, "product": 1109}, {"photo": 222170, "product": 1110}, {"photo": 302696, "product": 1111}, {"photo": 227641, "product": 1112}, {"photo": 233056, "product": 1113}, {"photo": 185454, "product": 1114}, {"photo": 179752, "product": 1115}, {"photo": 400081, "product": 1116}, {"photo": 180750, "product": 1117}, {"photo": 185563, "product": 1118}, {"photo": 230332, "product": 1119}, {"photo": 230331, "product": 1119}, {"photo": 232269, "product": 1120}, {"photo": 221876, "product": 1121}, {"photo": 378133, "product": 1122}, {"photo": 274401, "product": 1123}, {"photo": 377458, "product": 1124}, {"photo": 190264, "product": 1125}, {"photo": 274181, "product": 1126}, {"photo": 222421, "product": 1127}, {"photo": 232108, "product": 1128}, {"photo": 180059, "product": 1129}, {"photo": 180057, "product": 1129}, {"photo": 233780, "product": 1130}, {"photo": 162479, "product": 1131}, {"photo": 189879, "product": 1132}, {"photo": 236052, "product": 1133}, {"photo": 42316, "product": 1134}, {"photo": 42317, "product": 1134}, {"photo": 42318, "product": 1134}, {"photo": 187578, "product": 1135}, {"photo": 228467, "product": 1136}, {"photo": 150884, "product": 1137}, {"photo": 185907, "product": 1138}, {"photo": 221337, "product": 1139}, {"photo": 378456, "product": 1140}, {"photo": 177382, "product": 1141}, {"photo": 422079, "product": 1142}, {"photo": 191090, "product": 1143}, {"photo": 183652, "product": 1144}, {"photo": 183651, "product": 1144}, {"photo": 129944, "product": 1145}, {"photo": 236542, "product": 1146}, {"photo": 227937, "product": 1147}, {"photo": 227938, "product": 1147}, {"photo": 378567, "product": 1148}, {"photo": 378288, "product": 1149}, {"photo": 353177, "product": 1150}, {"photo": 187470, "product": 1151}, {"photo": 228410, "product": 1152}, {"photo": 400124, "product": 1153}, {"photo": 272961, "product": 1154}, {"photo": 188305, "product": 1155}, {"photo": 249563, "product": 1156}, {"photo": 339947, "product": 1157}, {"photo": 228401, "product": 1158}, {"photo": 126548, "product": 1159}, {"photo": 228047, "product": 1160}, {"photo": 176957, "product": 1161}, {"photo": 223934, "product": 1162}, {"photo": 223933, "product": 1162}, {"photo": 181335, "product": 1163}, {"photo": 353506, "product": 1164}, {"photo": 353426, "product": 1165}, {"photo": 227602, "product": 1166}, {"photo": 399716, "product": 1167}, {"photo": 274039, "product": 1168}, {"photo": 377550, "product": 1169}, {"photo": 237593, "product": 1170}, {"photo": 377626, "product": 1171}, {"photo": 307342, "product": 1172}, {"photo": 55253, "product": 1173}, {"photo": 55254, "product": 1173}, {"photo": 55255, "product": 1173}, {"photo": 55256, "product": 1173}, {"photo": 55257, "product": 1173}, {"photo": 424605, "product": 1174}, {"photo": 116739, "product": 1175}, {"photo": 421713, "product": 1176}, {"photo": 222800, "product": 1177}, {"photo": 150713, "product": 1178}, {"photo": 274032, "product": 1179}, {"photo": 50906, "product": 1180}, {"photo": 50908, "product": 1180}, {"photo": 50910, "product": 1180}, {"photo": 57655, "product": 1181}, {"photo": 57656, "product": 1181}, {"photo": 57657, "product": 1181}, {"photo": 229753, "product": 1182}, {"photo": 229754, "product": 1182}, {"photo": 378283, "product": 1183}, {"photo": 340330, "product": 1184}, {"photo": 340331, "product": 1184}, {"photo": 340332, "product": 1184}, {"photo": 181870, "product": 1185}, {"photo": 238018, "product": 1186}, {"photo": 180391, "product": 1187}, {"photo": 187411, "product": 1188}, {"photo": 378649, "product": 1189}, {"photo": 237375, "product": 1190}, {"photo": 185056, "product": 1191}, {"photo": 228472, "product": 1192}, {"photo": 228471, "product": 1192}, {"photo": 182317, "product": 1193}, {"photo": 274756, "product": 1194}, {"photo": 183881, "product": 1195}, {"photo": 183880, "product": 1195}, {"photo": 227809, "product": 1196}, {"photo": 234861, "product": 1197}, {"photo": 378532, "product": 1198}, {"photo": 116846, "product": 1199}, {"photo": 353471, "product": 1200}, {"photo": 222795, "product": 1201}, {"photo": 233021, "product": 1202}, {"photo": 223423, "product": 1203}, {"photo": 223424, "product": 1203}, {"photo": 148221, "product": 1204}, {"photo": 180609, "product": 1205}, {"photo": 378320, "product": 1206}, {"photo": 233278, "product": 1207}, {"photo": 149562, "product": 1208}, {"photo": 274558, "product": 1209}, {"photo": 58215, "product": 1210}, {"photo": 58216, "product": 1210}, {"photo": 58217, "product": 1210}, {"photo": 228078, "product": 1211}, {"photo": 274589, "product": 1212}, {"photo": 187850, "product": 1213}, {"photo": 185675, "product": 1214}, {"photo": 231230, "product": 1215}, {"photo": 413208, "product": 1216}, {"photo": 234936, "product": 1217}, {"photo": 339986, "product": 1218}, {"photo": 189123, "product": 1219}, {"photo": 274300, "product": 1220}, {"photo": 353424, "product": 1221}, {"photo": 147470, "product": 1222}, {"photo": 378522, "product": 1223}, {"photo": 162108, "product": 1224}, {"photo": 48543, "product": 1225}, {"photo": 48544, "product": 1225}, {"photo": 48545, "product": 1225}, {"photo": 97318, "product": 1225}, {"photo": 42161, "product": 1226}, {"photo": 42162, "product": 1226}, {"photo": 42163, "product": 1226}, {"photo": 64564, "product": 1227}, {"photo": 64565, "product": 1227}, {"photo": 64566, "product": 1227}, {"photo": 64567, "product": 1227}, {"photo": 228412, "product": 1228}, {"photo": 410458, "product": 1229}, {"photo": 177874, "product": 1230}, {"photo": 119040, "product": 1231}, {"photo": 237343, "product": 1232}, {"photo": 183676, "product": 1233}, {"photo": 378310, "product": 1234}, {"photo": 50700, "product": 1235}, {"photo": 50701, "product": 1235}, {"photo": 50702, "product": 1235}, {"photo": 97331, "product": 1235}, {"photo": 236895, "product": 1236}, {"photo": 65219, "product": 1237}, {"photo": 220899, "product": 1238}, {"photo": 54790, "product": 1239}, {"photo": 54791, "product": 1239}, {"photo": 54792, "product": 1239}, {"photo": 54793, "product": 1239}, {"photo": 49819, "product": 1240}, {"photo": 49821, "product": 1240}, {"photo": 49823, "product": 1240}, {"photo": 97332, "product": 1240}, {"photo": 35046, "product": 1241}, {"photo": 35047, "product": 1241}, {"photo": 35048, "product": 1241}, {"photo": 35049, "product": 1241}, {"photo": 35050, "product": 1241}, {"photo": 378287, "product": 1242}, {"photo": 191576, "product": 1243}, {"photo": 378610, "product": 1244}, {"photo": 232627, "product": 1245}, {"photo": 150674, "product": 1246}, {"photo": 62977, "product": 1247}, {"photo": 62978, "product": 1247}, {"photo": 62979, "product": 1247}, {"photo": 62980, "product": 1247}, {"photo": 228943, "product": 1248}, {"photo": 234596, "product": 1249}, {"photo": 234598, "product": 1249}, {"photo": 234603, "product": 1249}, {"photo": 234599, "product": 1249}, {"photo": 413226, "product": 1250}, {"photo": 224174, "product": 1251}, {"photo": 413367, "product": 1252}, {"photo": 76328, "product": 1253}, {"photo": 76329, "product": 1253}, {"photo": 76330, "product": 1253}, {"photo": 76331, "product": 1253}, {"photo": 320366, "product": 1254}, {"photo": 378249, "product": 1255}, {"photo": 227702, "product": 1256}, {"photo": 230931, "product": 1257}, {"photo": 221133, "product": 1258}, {"photo": 221134, "product": 1258}, {"photo": 250898, "product": 1259}, {"photo": 378228, "product": 1260}, {"photo": 320688, "product": 1261}, {"photo": 377558, "product": 1262}, {"photo": 274559, "product": 1263}, {"photo": 228146, "product": 1264}, {"photo": 377984, "product": 1265}, {"photo": 57761, "product": 1266}, {"photo": 57762, "product": 1266}, {"photo": 57763, "product": 1266}, {"photo": 190391, "product": 1267}, {"photo": 190388, "product": 1267}, {"photo": 340605, "product": 1268}, {"photo": 340604, "product": 1268}, {"photo": 378247, "product": 1269}, {"photo": 378257, "product": 1270}, {"photo": 188140, "product": 1271}, {"photo": 226894, "product": 1272}, {"photo": 177155, "product": 1273}, {"photo": 227813, "product": 1274}, {"photo": 234860, "product": 1275}, {"photo": 272658, "product": 1276}, {"photo": 93729, "product": 1277}, {"photo": 202667, "product": 1278}, {"photo": 182547, "product": 1279}, {"photo": 182250, "product": 1280}, {"photo": 224623, "product": 1281}, {"photo": 424447, "product": 1282}, {"photo": 49128, "product": 1283}, {"photo": 49129, "product": 1283}, {"photo": 49130, "product": 1283}, {"photo": 49131, "product": 1283}, {"photo": 180635, "product": 1284}]