[{"photo": 1723, "product": 768, "bbox": {"width": 139, "top": 343, "height": 65, "left": 155}}, {"photo": 330490, "product": 904, "bbox": {"width": 169, "top": 364, "height": 47, "left": 110}}, {"photo": 335, "product": 112, "bbox": {"width": 113, "top": 433, "height": 39, "left": 253}}, {"photo": 4787, "product": 608, "bbox": {"width": 83, "top": 585, "height": 50, "left": 204}}, {"photo": 15568, "product": 877, "bbox": {"width": 113, "top": 357, "height": 71, "left": 234}}, {"photo": 17197, "product": 33, "bbox": {"width": 425, "top": 810, "height": 180, "left": 686}}, {"photo": 13347, "product": 877, "bbox": {"width": 104, "top": 338, "height": 43, "left": 462}}, {"photo": 4016, "product": 459, "bbox": {"width": 516, "top": 1417, "height": 241, "left": 626}}, {"photo": 329923, "product": 877, "bbox": {"width": 210, "top": 343, "height": 105, "left": 309}}, {"photo": 3970, "product": 139, "bbox": {"width": 108, "top": 212, "height": 74, "left": 182}}, {"photo": 18891, "product": 557, "bbox": {"width": 164, "top": 347, "height": 85, "left": 110}}, {"photo": 4619, "product": 11, "bbox": {"width": 118, "top": 362, "height": 28, "left": 232}}, {"photo": 5560, "product": 11, "bbox": {"width": 323, "top": 760, "height": 56, "left": 373}}, {"photo": 363597, "product": 881, "bbox": {"width": 150, "top": 265, "height": 64, "left": 49}}, {"photo": 6697, "product": 139, "bbox": {"width": 69, "top": 228, "height": 20, "left": 172}}, {"photo": 1057, "product": 904, "bbox": {"width": 155, "top": 557, "height": 58, "left": 324}}, {"photo": 2780, "product": 597, "bbox": {"width": 435, "top": 1105, "height": 105, "left": 810}}, {"photo": 13473, "product": 206, "bbox": {"width": 287, "top": 844, "height": 100, "left": 739}}, {"photo": 15117, "product": 333, "bbox": {"width": 325, "top": 1507, "height": 122, "left": 1297}}, {"photo": 3660, "product": 220, "bbox": {"width": 154, "top": 356, "height": 48, "left": 342}}, {"photo": 4386, "product": 881, "bbox": {"width": 461, "top": 987, "height": 147, "left": 391}}, {"photo": 2855, "product": 245, "bbox": {"width": 450, "top": 1035, "height": 125, "left": 730}}, {"photo": 11172, "product": 67, "bbox": {"width": 147, "top": 415, "height": 54, "left": 189}}, {"photo": 6706, "product": 47, "bbox": {"width": 112, "top": 231, "height": 28, "left": 209}}, {"photo": 17065, "product": 518, "bbox": {"width": 426, "top": 1317, "height": 152, "left": 401}}, {"photo": 329834, "product": 877, "bbox": {"width": 108, "top": 451, "height": 36, "left": 286}}, {"photo": 12025, "product": 47, "bbox": {"width": 477, "top": 1080, "height": 150, "left": 607}}, {"photo": 10049, "product": 113, "bbox": {"width": 712, "top": 1194, "height": 257, "left": 821}}, {"photo": 12124, "product": 67, "bbox": {"width": 316, "top": 419, "height": 177, "left": 315}}, {"photo": 6159, "product": 608, "bbox": {"width": 135, "top": 711, "height": 57, "left": 528}}, {"photo": 4125, "product": 11, "bbox": {"width": 299, "top": 754, "height": 90, "left": 904}}, {"photo": 936, "product": 33, "bbox": {"width": 241, "top": 350, "height": 84, "left": 26}}, {"photo": 15894, "product": 904, "bbox": {"width": 297, "top": 813, "height": 59, "left": 480}}, {"photo": 330415, "product": 904, "bbox": {"width": 601, "top": 833, "height": 344, "left": 1165}}, {"photo": 6069, "product": 33, "bbox": {"width": 216, "top": 261, "height": 135, "left": 189}}, {"photo": 1885, "product": 113, "bbox": {"width": 406, "top": 1581, "height": 245, "left": 1078}}, {"photo": 13047, "product": 768, "bbox": {"width": 307, "top": 754, "height": 74, "left": 260}}, {"photo": 11924, "product": 2, "bbox": {"width": 324, "top": 733, "height": 167, "left": 1266}}, {"photo": 13181, "product": 518, "bbox": {"width": 217, "top": 464, "height": 83, "left": 80}}, {"photo": 7631, "product": 47, "bbox": {"width": 460, "top": 1120, "height": 145, "left": 585}}, {"photo": 6014, "product": 33, "bbox": {"width": 434, "top": 1054, "height": 157, "left": 783}}, {"photo": 1420, "product": 213, "bbox": {"width": 140, "top": 427, "height": 26, "left": 340}}, {"photo": 7509, "product": 232, "bbox": {"width": 108, "top": 539, "height": 52, "left": 174}}, {"photo": 784, "product": 11, "bbox": {"width": 395, "top": 844, "height": 55, "left": 544}}, {"photo": 4052, "product": 847, "bbox": {"width": 316, "top": 842, "height": 86, "left": 1592}}, {"photo": 13073, "product": 881, "bbox": {"width": 132, "top": 264, "height": 42, "left": 196}}, {"photo": 18512, "product": 33, "bbox": {"width": 347, "top": 649, "height": 224, "left": 740}}, {"photo": 15143, "product": 904, "bbox": {"width": 384, "top": 1309, "height": 169, "left": 604}}, {"photo": 13704, "product": 889, "bbox": {"width": 408, "top": 568, "height": 238, "left": 319}}, {"photo": 6216, "product": 220, "bbox": {"width": 480, "top": 990, "height": 170, "left": 810}}, {"photo": 12745, "product": 608, "bbox": {"width": 654, "top": 1980, "height": 105, "left": 873}}, {"photo": 8417, "product": 139, "bbox": {"width": 100, "top": 156, "height": 23, "left": 21}}, {"photo": 12038, "product": 508, "bbox": {"width": 108, "top": 245, "height": 47, "left": 172}}, {"photo": 14532, "product": 147, "bbox": {"width": 355, "top": 995, "height": 110, "left": 800}}, {"photo": 18209, "product": 889, "bbox": {"width": 414, "top": 903, "height": 100, "left": 1049}}, {"photo": 13376, "product": 112, "bbox": {"width": 159, "top": 328, "height": 59, "left": 226}}, {"photo": 13073, "product": 881, "bbox": {"width": 107, "top": 262, "height": 37, "left": 445}}, {"photo": 188, "product": 438, "bbox": {"width": 1926, "top": 1876, "height": 1000, "left": 2197}}, {"photo": 7815, "product": 565, "bbox": {"width": 253, "top": 371, "height": 72, "left": 120}}, {"photo": 3650, "product": 206, "bbox": {"width": 465, "top": 1005, "height": 135, "left": 825}}, {"photo": 4987, "product": 178, "bbox": {"width": 599, "top": 1785, "height": 241, "left": 1553}}, {"photo": 3561, "product": 518, "bbox": {"width": 228, "top": 490, "height": 113, "left": 225}}, {"photo": 14436, "product": 438, "bbox": {"width": 827, "top": 1431, "height": 655, "left": 1419}}, {"photo": 4131, "product": 113, "bbox": {"width": 850, "top": 1483, "height": 324, "left": 597}}, {"photo": 11568, "product": 33, "bbox": {"width": 828, "top": 1375, "height": 438, "left": 553}}, {"photo": 2145, "product": 904, "bbox": {"width": 589, "top": 686, "height": 132, "left": 507}}, {"photo": 9683, "product": 33, "bbox": {"width": 449, "top": 1538, "height": 379, "left": 944}}, {"photo": 16668, "product": 557, "bbox": {"width": 118, "top": 412, "height": 32, "left": 342}}, {"photo": 7506, "product": 865, "bbox": {"width": 473, "top": 1264, "height": 152, "left": 891}}, {"photo": 10209, "product": 139, "bbox": {"width": 100, "top": 210, "height": 21, "left": 88}}, {"photo": 12993, "product": 11, "bbox": {"width": 138, "top": 0, "height": 100, "left": 181}}, {"photo": 329889, "product": 904, "bbox": {"width": 313, "top": 979, "height": 164, "left": 819}}, {"photo": 7876, "product": 2, "bbox": {"width": 55, "top": 277, "height": 32, "left": 229}}, {"photo": 11950, "product": 438, "bbox": {"width": 183, "top": 404, "height": 100, "left": 247}}, {"photo": 100657, "product": 11, "bbox": {"width": 376, "top": 778, "height": 79, "left": 370}}, {"photo": 1861, "product": 113, "bbox": {"width": 112, "top": 205, "height": 22, "left": 162}}, {"photo": 15775, "product": 608, "bbox": {"width": 135, "top": 431, "height": 47, "left": 97}}, {"photo": 2478, "product": 113, "bbox": {"width": 111, "top": 235, "height": 21, "left": 151}}, {"photo": 15113, "product": 33, "bbox": {"width": 157, "top": 663, "height": 46, "left": 321}}, {"photo": 4243, "product": 865, "bbox": {"width": 586, "top": 903, "height": 277, "left": 877}}, {"photo": 5704, "product": 113, "bbox": {"width": 286, "top": 938, "height": 123, "left": 798}}, {"photo": 13916, "product": 386, "bbox": {"width": 68, "top": 227, "height": 41, "left": 248}}, {"photo": 3657, "product": 636, "bbox": {"width": 465, "top": 1020, "height": 80, "left": 835}}, {"photo": 5907, "product": 557, "bbox": {"width": 90, "top": 207, "height": 11, "left": 155}}, {"photo": 18293, "product": 881, "bbox": {"width": 89, "top": 199, "height": 29, "left": 231}}, {"photo": 1397, "product": 950, "bbox": {"width": 903, "top": 4371, "height": 652, "left": 1453}}, {"photo": 1512, "product": 881, "bbox": {"width": 583, "top": 1151, "height": 236, "left": 404}}, {"photo": 8647, "product": 608, "bbox": {"width": 390, "top": 1295, "height": 110, "left": 800}}, {"photo": 6011, "product": 789, "bbox": {"width": 87, "top": 215, "height": 18, "left": 216}}, {"photo": 1941, "product": 557, "bbox": {"width": 84, "top": 235, "height": 15, "left": 200}}, {"photo": 10104, "product": 789, "bbox": {"width": 420, "top": 1000, "height": 115, "left": 790}}, {"photo": 6684, "product": 33, "bbox": {"width": 128, "top": 260, "height": 49, "left": 236}}, {"photo": 329864, "product": 877, "bbox": {"width": 155, "top": 375, "height": 53, "left": 301}}, {"photo": 11203, "product": 275, "bbox": {"width": 633, "top": 1630, "height": 179, "left": 735}}, {"photo": 13950, "product": 518, "bbox": {"width": 269, "top": 598, "height": 71, "left": 168}}, {"photo": 18754, "product": 768, "bbox": {"width": 533, "top": 1587, "height": 126, "left": 387}}, {"photo": 4047, "product": 33, "bbox": {"width": 206, "top": 1261, "height": 99, "left": 764}}, {"photo": 11712, "product": 180, "bbox": {"width": 229, "top": 555, "height": 93, "left": 248}}, {"photo": 4951, "product": 84, "bbox": {"width": 69, "top": 254, "height": 52, "left": 23}}, {"photo": 16020, "product": 865, "bbox": {"width": 395, "top": 565, "height": 143, "left": 752}}, {"photo": 17722, "product": 508, "bbox": {"width": 224, "top": 1203, "height": 198, "left": 1261}}, {"photo": 15276, "product": 877, "bbox": {"width": 155, "top": 350, "height": 80, "left": 181}}, {"photo": 936, "product": 33, "bbox": {"width": 417, "top": 742, "height": 122, "left": 471}}, {"photo": 13966, "product": 608, "bbox": {"width": 132, "top": 165, "height": 85, "left": 195}}, {"photo": 13720, "product": 33, "bbox": {"width": 286, "top": 544, "height": 119, "left": 377}}, {"photo": 12830, "product": 518, "bbox": {"width": 381, "top": 1956, "height": 191, "left": 1362}}, {"photo": 13243, "product": 636, "bbox": {"width": 94, "top": 223, "height": 19, "left": 188}}, {"photo": 4923, "product": 425, "bbox": {"width": 147, "top": 236, "height": 25, "left": 114}}, {"photo": 329877, "product": 11, "bbox": {"width": 121, "top": 210, "height": 48, "left": 246}}, {"photo": 329827, "product": 768, "bbox": {"width": 537, "top": 623, "height": 152, "left": 845}}, {"photo": 14570, "product": 33, "bbox": {"width": 355, "top": 942, "height": 212, "left": 1554}}, {"photo": 11084, "product": 865, "bbox": {"width": 245, "top": 773, "height": 125, "left": 741}}, {"photo": 10906, "product": 139, "bbox": {"width": 97, "top": 256, "height": 39, "left": 192}}, {"photo": 16571, "product": 889, "bbox": {"width": 158, "top": 416, "height": 20, "left": 436}}, {"photo": 1258, "product": 220, "bbox": {"width": 614, "top": 1918, "height": 389, "left": 1624}}, {"photo": 17697, "product": 768, "bbox": {"width": 155, "top": 440, "height": 39, "left": 350}}, {"photo": 11908, "product": 33, "bbox": {"width": 309, "top": 2579, "height": 161, "left": 2456}}, {"photo": 251591, "product": 11, "bbox": {"width": 275, "top": 596, "height": 88, "left": 240}}, {"photo": 10267, "product": 275, "bbox": {"width": 116, "top": 1178, "height": 41, "left": 793}}, {"photo": 2611, "product": 43, "bbox": {"width": 795, "top": 1045, "height": 460, "left": 615}}, {"photo": 5317, "product": 112, "bbox": {"width": 108, "top": 453, "height": 26, "left": 106}}, {"photo": 46, "product": 33, "bbox": {"width": 515, "top": 905, "height": 679, "left": 920}}, {"photo": 4431, "product": 865, "bbox": {"width": 411, "top": 1244, "height": 80, "left": 639}}, {"photo": 13623, "product": 557, "bbox": {"width": 375, "top": 1395, "height": 55, "left": 855}}, {"photo": 13019, "product": 881, "bbox": {"width": 577, "top": 1690, "height": 196, "left": 233}}, {"photo": 1736, "product": 445, "bbox": {"width": 433, "top": 840, "height": 292, "left": 602}}, {"photo": 17722, "product": 508, "bbox": {"width": 154, "top": 263, "height": 85, "left": 1280}}, {"photo": 12993, "product": 11, "bbox": {"width": 122, "top": 199, "height": 78, "left": 173}}, {"photo": 11662, "product": 220, "bbox": {"width": 109, "top": 300, "height": 74, "left": 180}}, {"photo": 12106, "product": 112, "bbox": {"width": 560, "top": 950, "height": 165, "left": 685}}, {"photo": 17068, "product": 877, "bbox": {"width": 48, "top": 325, "height": 31, "left": 206}}, {"photo": 330363, "product": 768, "bbox": {"width": 316, "top": 917, "height": 167, "left": 242}}, {"photo": 14533, "product": 632, "bbox": {"width": 375, "top": 1000, "height": 85, "left": 875}}, {"photo": 917, "product": 113, "bbox": {"width": 103, "top": 209, "height": 58, "left": 200}}, {"photo": 6969, "product": 220, "bbox": {"width": 226, "top": 425, "height": 79, "left": 60}}, {"photo": 12993, "product": 11, "bbox": {"width": 73.0, "top": 218.0, "height": 35.0, "left": 186.0}}, {"photo": 4030, "product": 904, "bbox": {"width": 198, "top": 204, "height": 46, "left": 443}}, {"photo": 1956, "product": 881, "bbox": {"width": 294, "top": 1049, "height": 165, "left": 675}}, {"photo": 10585, "product": 67, "bbox": {"width": 560, "top": 1220, "height": 295, "left": 700}}, {"photo": 251561, "product": 33, "bbox": {"width": 126, "top": 462, "height": 33, "left": 401}}, {"photo": 18706, "product": 2, "bbox": {"width": 460, "top": 2415, "height": 135, "left": 1362}}, {"photo": 12555, "product": 877, "bbox": {"width": 244, "top": 581, "height": 100, "left": 657}}, {"photo": 714, "product": 811, "bbox": {"width": 126, "top": 361, "height": 39, "left": 192}}, {"photo": 3640, "product": 409, "bbox": {"width": 109, "top": 539, "height": 54, "left": 586}}, {"photo": 8790, "product": 904, "bbox": {"width": 316, "top": 877, "height": 143, "left": 661}}, {"photo": 11711, "product": 438, "bbox": {"width": 189, "top": 517, "height": 75, "left": 165}}, {"photo": 618, "product": 33, "bbox": {"width": 611, "top": 1342, "height": 299, "left": 491}}, {"photo": 1208, "product": 33, "bbox": {"width": 404, "top": 1078, "height": 148, "left": 831}}, {"photo": 17063, "product": 33, "bbox": {"width": 326, "top": 1024, "height": 125, "left": 930}}, {"photo": 13836, "product": 275, "bbox": {"width": 326, "top": 1164, "height": 88, "left": 1428}}, {"photo": 13312, "product": 877, "bbox": {"width": 95, "top": 188, "height": 37, "left": 250}}, {"photo": 9738, "product": 565, "bbox": {"width": 391, "top": 1369, "height": 47, "left": 885}}, {"photo": 4828, "product": 81, "bbox": {"width": 281, "top": 1228, "height": 171, "left": 1170}}, {"photo": 709, "product": 11, "bbox": {"width": 469, "top": 830, "height": 216, "left": 541}}, {"photo": 9217, "product": 33, "bbox": {"width": 115, "top": 251, "height": 39, "left": 91}}, {"photo": 3381, "product": 898, "bbox": {"width": 157, "top": 269, "height": 63, "left": 263}}, {"photo": 4828, "product": 81, "bbox": {"width": 1159, "top": 1934, "height": 268, "left": 3340}}, {"photo": 330147, "product": 84, "bbox": {"width": 187, "top": 591, "height": 65, "left": 454}}, {"photo": 7331, "product": 811, "bbox": {"width": 795, "top": 975, "height": 365, "left": 700}}, {"photo": 16560, "product": 904, "bbox": {"width": 392, "top": 829, "height": 147, "left": 735}}, {"photo": 15262, "product": 33, "bbox": {"width": 697, "top": 1274, "height": 200, "left": 534}}, {"photo": 6723, "product": 33, "bbox": {"width": 849, "top": 1611, "height": 257, "left": 892}}, {"photo": 17486, "product": 881, "bbox": {"width": 556, "top": 837, "height": 191, "left": 424}}, {"photo": 14138, "product": 865, "bbox": {"width": 257, "top": 401, "height": 606, "left": 272}}, {"photo": 1284, "product": 33, "bbox": {"width": 415, "top": 1283, "height": 168, "left": 936}}, {"photo": 1014, "product": 768, "bbox": {"width": 266, "top": 580, "height": 118, "left": 820}}, {"photo": 330453, "product": 84, "bbox": {"width": 261, "top": 366, "height": 130, "left": 204}}, {"photo": 5976, "product": 67, "bbox": {"width": 83, "top": 205, "height": 29, "left": 189}}, {"photo": 8437, "product": 865, "bbox": {"width": 327, "top": 706, "height": 43, "left": 935}}, {"photo": 14557, "product": 877, "bbox": {"width": 111, "top": 368, "height": 33, "left": 202}}, {"photo": 11685, "product": 438, "bbox": {"width": 346, "top": 356, "height": 203, "left": 369}}, {"photo": 604, "product": 33, "bbox": {"width": 197, "top": 364, "height": 75, "left": 188}}, {"photo": 4052, "product": 847, "bbox": {"width": 428, "top": 1109, "height": 150, "left": 90}}, {"photo": 6471, "product": 768, "bbox": {"width": 181, "top": 434, "height": 49, "left": 213}}, {"photo": 11711, "product": 438, "bbox": {"width": 566, "top": 945, "height": 240, "left": 634}}, {"photo": 3435, "product": 206, "bbox": {"width": 480, "top": 1040, "height": 190, "left": 870}}, {"photo": 15263, "product": 113, "bbox": {"width": 492, "top": 632, "height": 179, "left": 226}}, {"photo": 1885, "product": 113, "bbox": {"width": 231, "top": 848, "height": 148, "left": 387}}, {"photo": 3595, "product": 557, "bbox": {"width": 435, "top": 995, "height": 75, "left": 765}}, {"photo": 13532, "product": 275, "bbox": {"width": 426, "top": 821, "height": 164, "left": 1130}}, {"photo": 17722, "product": 508, "bbox": {"width": 202, "top": 288, "height": 33, "left": 106}}, {"photo": 12208, "product": 865, "bbox": {"width": 475, "top": 1210, "height": 157, "left": 737}}, {"photo": 908, "product": 608, "bbox": {"width": 650, "top": 1959, "height": 100, "left": 1390}}, {"photo": 13136, "product": 81, "bbox": {"width": 157, "top": 326, "height": 96, "left": 116}}, {"photo": 203, "product": 557, "bbox": {"width": 513, "top": 1165, "height": 170, "left": 1020}}, {"photo": 9969, "product": 865, "bbox": {"width": 461, "top": 653, "height": 265, "left": 474}}, {"photo": 14500, "product": 565, "bbox": {"width": 96, "top": 431, "height": 38, "left": 381}}, {"photo": 10783, "product": 220, "bbox": {"width": 540, "top": 850, "height": 278, "left": 60}}, {"photo": 17722, "product": 508, "bbox": {"width": 176, "top": 241, "height": 74, "left": 522}}, {"photo": 6498, "product": 33, "bbox": {"width": 751, "top": 822, "height": 455, "left": 15}}, {"photo": 10702, "product": 460, "bbox": {"width": 186, "top": 534, "height": 33, "left": 373}}, {"photo": 13485, "product": 33, "bbox": {"width": 218, "top": 570, "height": 258, "left": 197}}, {"photo": 16867, "product": 865, "bbox": {"width": 537, "top": 918, "height": 242, "left": 458}}, {"photo": 10886, "product": 737, "bbox": {"width": 141, "top": 233, "height": 69, "left": 239}}, {"photo": 1010, "product": 113, "bbox": {"width": 153, "top": 225, "height": 63, "left": 107}}, {"photo": 829, "product": 904, "bbox": {"width": 150, "top": 321, "height": 74, "left": 242}}, {"photo": 11117, "product": 768, "bbox": {"width": 1073, "top": 1008, "height": 601, "left": 699}}, {"photo": 1600, "product": 632, "bbox": {"width": 151, "top": 216, "height": 66, "left": 61}}, {"photo": 17722, "product": 508, "bbox": {"width": 176, "top": 296, "height": 52, "left": 896}}, {"photo": 363624, "product": 33, "bbox": {"width": 502, "top": 1089, "height": 216, "left": 237}}, {"photo": 13557, "product": 557, "bbox": {"width": 345, "top": 1145, "height": 5, "left": 835}}, {"photo": 5582, "product": 33, "bbox": {"width": 594, "top": 1117, "height": 319, "left": 588}}, {"photo": 11856, "product": 2, "bbox": {"width": 168, "top": 552, "height": 24, "left": 380}}, {"photo": 18291, "product": 768, "bbox": {"width": 175, "top": 209, "height": 65, "left": 171}}, {"photo": 18620, "product": 33, "bbox": {"width": 191, "top": 344, "height": 60, "left": 224}}, {"photo": 6657, "product": 220, "bbox": {"width": 78, "top": 227, "height": 45, "left": 593}}, {"photo": 11317, "product": 459, "bbox": {"width": 553, "top": 1114, "height": 296, "left": 2171}}, {"photo": 1190, "product": 865, "bbox": {"width": 911, "top": 1685, "height": 253, "left": 687}}, {"photo": 2777, "product": 768, "bbox": {"width": 578, "top": 811, "height": 291, "left": 203}}, {"photo": 814, "product": 67, "bbox": {"width": 52, "top": 477, "height": 28, "left": 315}}, {"photo": 8417, "product": 139, "bbox": {"width": 91, "top": 164, "height": 18, "left": 351}}, {"photo": 14172, "product": 889, "bbox": {"width": 255, "top": 609, "height": 44, "left": 402}}, {"photo": 13711, "product": 565, "bbox": {"width": 484, "top": 1293, "height": 175, "left": 926}}, {"photo": 11109, "product": 865, "bbox": {"width": 374, "top": 781, "height": 175, "left": 150}}, {"photo": 13827, "product": 904, "bbox": {"width": 76, "top": 216, "height": 21, "left": 125}}, {"photo": 17322, "product": 33, "bbox": {"width": 216, "top": 348, "height": 124, "left": 137}}, {"photo": 4267, "product": 112, "bbox": {"width": 1170, "top": 2087, "height": 497, "left": 1404}}, {"photo": 1873, "product": 877, "bbox": {"width": 601, "top": 1387, "height": 170, "left": 897}}, {"photo": 8417, "product": 139, "bbox": {"width": 75, "top": 168, "height": 19, "left": 210}}, {"photo": 7970, "product": 11, "bbox": {"width": 228, "top": 586, "height": 67, "left": 393}}, {"photo": 14754, "product": 768, "bbox": {"width": 53, "top": 550, "height": 45, "left": 395}}, {"photo": 13065, "product": 33, "bbox": {"width": 149, "top": 496, "height": 40, "left": 303}}, {"photo": 10222, "product": 789, "bbox": {"width": 155, "top": 434, "height": 20, "left": 373}}, {"photo": 14235, "product": 275, "bbox": {"width": 314, "top": 237, "height": 109, "left": 52}}, {"photo": 6969, "product": 220, "bbox": {"width": 224, "top": 431, "height": 81, "left": 512}}, {"photo": 8335, "product": 881, "bbox": {"width": 116, "top": 233, "height": 31, "left": 181}}, {"photo": 6159, "product": 608, "bbox": {"width": 525, "top": 144, "height": 231, "left": 78}}, {"photo": 13234, "product": 438, "bbox": {"width": 78, "top": 244, "height": 31, "left": 394}}, {"photo": 281, "product": 33, "bbox": {"width": 157, "top": 340, "height": 82, "left": 261}}, {"photo": 12897, "product": 438, "bbox": {"width": 899, "top": 1956, "height": 272, "left": 1422}}, {"photo": 4820, "product": 904, "bbox": {"width": 154, "top": 205, "height": 21, "left": 162}}, {"photo": 4707, "product": 877, "bbox": {"width": 90, "top": 508, "height": 84, "left": 166}}, {"photo": 8301, "product": 557, "bbox": {"width": 530, "top": 915, "height": 125, "left": 725}}, {"photo": 13901, "product": 113, "bbox": {"width": 578, "top": 1527, "height": 187, "left": 676}}, {"photo": 4908, "product": 64, "bbox": {"width": 740, "top": 1824, "height": 127, "left": 1487}}]