[{"photo": 13204, "product": 458, "bbox": {"width": 156, "top": 30, "height": 117, "left": 52}}, {"photo": 12243, "product": 1241, "bbox": {"width": 1836, "top": 985, "height": 1000, "left": 878}}, {"photo": 1527, "product": 384, "bbox": {"width": 453, "top": 13, "height": 357, "left": 54}}, {"photo": 330022, "product": 45, "bbox": {"width": 211, "top": 483, "height": 141, "left": 488}}, {"photo": 2467, "product": 1599, "bbox": {"width": 730, "top": 285, "height": 600, "left": 745}}, {"photo": 17303, "product": 1784, "bbox": {"width": 196, "top": 1174, "height": 175, "left": 140}}, {"photo": 3946, "product": 1687, "bbox": {"width": 631, "top": 440, "height": 830, "left": 1192}}, {"photo": 330100, "product": 918, "bbox": {"width": 164, "top": 71, "height": 201, "left": 91}}, {"photo": 11604, "product": 143, "bbox": {"width": 279, "top": 459, "height": 155, "left": 559}}, {"photo": 17289, "product": 1555, "bbox": {"width": 115, "top": 454, "height": 140, "left": 674}}, {"photo": 4982, "product": 465, "bbox": {"width": 692, "top": 112, "height": 769, "left": 1632}}, {"photo": 98612, "product": 1162, "bbox": {"width": 191, "top": 108, "height": 125, "left": 152}}, {"photo": 13468, "product": 380, "bbox": {"width": 660, "top": 383, "height": 950, "left": 368}}, {"photo": 3403, "product": 683, "bbox": {"width": 161, "top": 6, "height": 124, "left": 595}}, {"photo": 15466, "product": 1355, "bbox": {"width": 97, "top": 22, "height": 60, "left": 212}}, {"photo": 14458, "product": 384, "bbox": {"width": 157, "top": 488, "height": 205, "left": 800}}, {"photo": 11245, "product": 454, "bbox": {"width": 310, "top": 115, "height": 324, "left": 34}}, {"photo": 16082, "product": 1506, "bbox": {"width": 450, "top": 277, "height": 330, "left": 548}}, {"photo": 12054, "product": 1268, "bbox": {"width": 620, "top": 97, "height": 392, "left": 321}}, {"photo": 6988, "product": 1655, "bbox": {"width": 87, "top": 397, "height": 40, "left": 130}}, {"photo": 3238, "product": 687, "bbox": {"width": 505, "top": 55, "height": 335, "left": 500}}, {"photo": 11176, "product": 191, "bbox": {"width": 242, "top": 126, "height": 200, "left": 315}}, {"photo": 12536, "product": 1453, "bbox": {"width": 475, "top": 85, "height": 260, "left": 790}}, {"photo": 8817, "product": 1450, "bbox": {"width": 81, "top": 37, "height": 61, "left": 201}}, {"photo": 4862, "product": 489, "bbox": {"width": 443, "top": 293, "height": 330, "left": 972}}, {"photo": 14976, "product": 1205, "bbox": {"width": 762, "top": 792, "height": 452, "left": 1363}}, {"photo": 7065, "product": 1683, "bbox": {"width": 499, "top": 163, "height": 432, "left": 69}}, {"photo": 3846, "product": 554, "bbox": {"width": 377, "top": 0, "height": 301, "left": 156}}, {"photo": 8788, "product": 205, "bbox": {"width": 112, "top": 0, "height": 112, "left": 212}}, {"photo": 13687, "product": 1075, "bbox": {"width": 714, "top": 1244, "height": 469, "left": 1142}}, {"photo": 3846, "product": 554, "bbox": {"width": 375, "top": 39, "height": 264, "left": 156}}, {"photo": 3465, "product": 16, "bbox": {"width": 168, "top": 5, "height": 164, "left": 99}}, {"photo": 13560, "product": 922, "bbox": {"width": 209, "top": 159, "height": 252, "left": 322}}, {"photo": 330006, "product": 1205, "bbox": {"width": 182, "top": 122, "height": 120, "left": 244}}, {"photo": 13075, "product": 1126, "bbox": {"width": 840, "top": 11, "height": 414, "left": 413}}, {"photo": 2624, "product": 548, "bbox": {"width": 735, "top": 45, "height": 430, "left": 570}}, {"photo": 1415, "product": 530, "bbox": {"width": 653, "top": 821, "height": 321, "left": 1078}}, {"photo": 15694, "product": 1237, "bbox": {"width": 376, "top": 32, "height": 271, "left": 175}}, {"photo": 8256, "product": 1683, "bbox": {"width": 195, "top": 82, "height": 180, "left": 157}}, {"photo": 16228, "product": 1528, "bbox": {"width": 71, "top": 3, "height": 68, "left": 256}}, {"photo": 17630, "product": 1555, "bbox": {"width": 133, "top": 77, "height": 92, "left": 102}}, {"photo": 11006, "product": 510, "bbox": {"width": 215, "top": 31, "height": 152, "left": 151}}, {"photo": 6582, "product": 713, "bbox": {"width": 795, "top": 864, "height": 432, "left": 1270}}, {"photo": 3465, "product": 16, "bbox": {"width": 186, "top": 6, "height": 166, "left": 84}}, {"photo": 647, "product": 1466, "bbox": {"width": 372, "top": 242, "height": 233, "left": 532}}, {"photo": 2434, "product": 1555, "bbox": {"width": 210, "top": 97, "height": 166, "left": 175}}, {"photo": 8303, "product": 1687, "bbox": {"width": 127, "top": 13, "height": 88, "left": 101}}, {"photo": 8054, "product": 1044, "bbox": {"width": 130, "top": 8, "height": 94, "left": 169}}, {"photo": 16082, "product": 1506, "bbox": {"width": 403, "top": 307, "height": 267, "left": 563}}, {"photo": 16887, "product": 582, "bbox": {"width": 164, "top": 108, "height": 103, "left": 254}}, {"photo": 9382, "product": 780, "bbox": {"width": 75, "top": 157, "height": 43, "left": 513}}, {"photo": 2489, "product": 1500, "bbox": {"width": 468, "top": 530, "height": 448, "left": 1355}}, {"photo": 15992, "product": 1655, "bbox": {"width": 542, "top": 22, "height": 295, "left": 582}}, {"photo": 5593, "product": 1599, "bbox": {"width": 167, "top": 100, "height": 123, "left": 129}}, {"photo": 16228, "product": 1528, "bbox": {"width": 103, "top": 13, "height": 64, "left": 257}}, {"photo": 16434, "product": 997, "bbox": {"width": 1020, "top": 0, "height": 665, "left": 378}}, {"photo": 7085, "product": 624, "bbox": {"width": 570, "top": 1810, "height": 645, "left": 950}}, {"photo": 15795, "product": 1355, "bbox": {"width": 123, "top": 121, "height": 111, "left": 334}}, {"photo": 13355, "product": 1566, "bbox": {"width": 652, "top": 234, "height": 520, "left": 817}}, {"photo": 6781, "product": 1590, "bbox": {"width": 848, "top": 201, "height": 611, "left": 6}}, {"photo": 7492, "product": 568, "bbox": {"width": 140, "top": 108, "height": 112, "left": 396}}, {"photo": 13560, "product": 922, "bbox": {"width": 223, "top": 142, "height": 246, "left": 299}}, {"photo": 7410, "product": 1407, "bbox": {"width": 98, "top": 65, "height": 68, "left": 233}}, {"photo": 1110, "product": 1241, "bbox": {"width": 365, "top": 265, "height": 243, "left": 302}}, {"photo": 14953, "product": 143, "bbox": {"width": 635, "top": 250, "height": 385, "left": 350}}, {"photo": 8494, "product": 1196, "bbox": {"width": 159, "top": 17, "height": 96, "left": 347}}, {"photo": 3946, "product": 1687, "bbox": {"width": 597, "top": 354, "height": 510, "left": 1235}}, {"photo": 2887, "product": 856, "bbox": {"width": 332, "top": 690, "height": 194, "left": 613}}, {"photo": 3078, "product": 1453, "bbox": {"width": 726, "top": 414, "height": 562, "left": 1451}}, {"photo": 6861, "product": 205, "bbox": {"width": 116, "top": 182, "height": 71, "left": 350}}, {"photo": 1640, "product": 1071, "bbox": {"width": 99, "top": 165, "height": 80, "left": 191}}, {"photo": 3665, "product": 770, "bbox": {"width": 567, "top": 351, "height": 394, "left": 579}}, {"photo": 17919, "product": 548, "bbox": {"width": 324, "top": 113, "height": 207, "left": 165}}, {"photo": 7410, "product": 1407, "bbox": {"width": 89, "top": 68, "height": 53, "left": 230}}, {"photo": 1415, "product": 530, "bbox": {"width": 665, "top": 792, "height": 356, "left": 1031}}, {"photo": 7616, "product": 1555, "bbox": {"width": 132, "top": 308, "height": 71, "left": 108}}, {"photo": 11841, "product": 266, "bbox": {"width": 392, "top": 106, "height": 330, "left": 811}}, {"photo": 13774, "product": 515, "bbox": {"width": 214, "top": 128, "height": 131, "left": 197}}, {"photo": 11245, "product": 1283, "bbox": {"width": 288, "top": 131, "height": 294, "left": 34}}, {"photo": 7793, "product": 191, "bbox": {"width": 591, "top": 95, "height": 486, "left": 1790}}, {"photo": 15466, "product": 1355, "bbox": {"width": 63, "top": 38, "height": 56, "left": 223}}, {"photo": 5373, "product": 683, "bbox": {"width": 200, "top": 339, "height": 180, "left": 450}}, {"photo": 7793, "product": 191, "bbox": {"width": 820, "top": 104, "height": 610, "left": 1685}}, {"photo": 16533, "product": 1072, "bbox": {"width": 473, "top": 466, "height": 362, "left": 950}}, {"photo": 13355, "product": 1566, "bbox": {"width": 658, "top": 148, "height": 566, "left": 777}}, {"photo": 1123, "product": 1555, "bbox": {"width": 282, "top": 355, "height": 178, "left": 411}}, {"photo": 11841, "product": 266, "bbox": {"width": 392, "top": 95, "height": 286, "left": 833}}, {"photo": 9382, "product": 780, "bbox": {"width": 97, "top": 140, "height": 68, "left": 513}}, {"photo": 9202, "product": 1655, "bbox": {"width": 936, "top": 589, "height": 693, "left": 2012}}, {"photo": 330022, "product": 45, "bbox": {"width": 234, "top": 464, "height": 176, "left": 466}}, {"photo": 2664, "product": 1270, "bbox": {"width": 286, "top": 78, "height": 164, "left": 312}}, {"photo": 12106, "product": 794, "bbox": {"width": 1050, "top": 530, "height": 1560, "left": 405}}, {"photo": 2408, "product": 1010, "bbox": {"width": 408, "top": 722, "height": 304, "left": 950}}, {"photo": 8717, "product": 1555, "bbox": {"width": 250, "top": 232, "height": 118, "left": 255}}, {"photo": 6972, "product": 1650, "bbox": {"width": 743, "top": 199, "height": 514, "left": 25}}, {"photo": 5598, "product": 1453, "bbox": {"width": 113, "top": 104, "height": 72, "left": 198}}, {"photo": 7754, "product": 1555, "bbox": {"width": 227, "top": 132, "height": 168, "left": 208}}, {"photo": 10054, "product": 983, "bbox": {"width": 82, "top": 112, "height": 43, "left": 119}}, {"photo": 1727, "product": 972, "bbox": {"width": 594, "top": 403, "height": 404, "left": 1423}}, {"photo": 2664, "product": 1270, "bbox": {"width": 296, "top": 92, "height": 171, "left": 333}}, {"photo": 8403, "product": 749, "bbox": {"width": 125, "top": 10, "height": 100, "left": 60}}, {"photo": 17101, "product": 1134, "bbox": {"width": 7, "top": 1993, "height": 60, "left": 1320}}, {"photo": 13747, "product": 1650, "bbox": {"width": 459, "top": 211, "height": 139, "left": 241}}, {"photo": 667, "product": 938, "bbox": {"width": 1359, "top": 29, "height": 700, "left": 588}}, {"photo": 7065, "product": 1683, "bbox": {"width": 484, "top": 206, "height": 362, "left": 64}}, {"photo": 11245, "product": 454, "bbox": {"width": 258, "top": 139, "height": 293, "left": 60}}, {"photo": 3549, "product": 938, "bbox": {"width": 669, "top": 417, "height": 335, "left": 659}}, {"photo": 17580, "product": 538, "bbox": {"width": 185, "top": 119, "height": 142, "left": 258}}, {"photo": 3325, "product": 1288, "bbox": {"width": 571, "top": 85, "height": 419, "left": 715}}, {"photo": 1422, "product": 1555, "bbox": {"width": 61, "top": 229, "height": 38, "left": 75}}, {"photo": 18658, "product": 1590, "bbox": {"width": 378, "top": 239, "height": 352, "left": 471}}, {"photo": 2813, "product": 191, "bbox": {"width": 161, "top": 15, "height": 84, "left": 170}}, {"photo": 6524, "product": 1237, "bbox": {"width": 470, "top": 1725, "height": 485, "left": 275}}, {"photo": 8054, "product": 1044, "bbox": {"width": 98, "top": 13, "height": 84, "left": 177}}, {"photo": 4500, "product": 1650, "bbox": {"width": 350, "top": 15, "height": 242, "left": 141}}, {"photo": 2303, "product": 1687, "bbox": {"width": 250, "top": 456, "height": 370, "left": 374}}, {"photo": 15694, "product": 1237, "bbox": {"width": 363, "top": 44, "height": 271, "left": 198}}, {"photo": 12054, "product": 1268, "bbox": {"width": 416, "top": 102, "height": 323, "left": 407}}, {"photo": 15759, "product": 1555, "bbox": {"width": 261, "top": 297, "height": 160, "left": 260}}, {"photo": 10539, "product": 1268, "bbox": {"width": 215, "top": 406, "height": 188, "left": 562}}, {"photo": 5373, "product": 683, "bbox": {"width": 137, "top": 361, "height": 126, "left": 475}}, {"photo": 14682, "product": 16, "bbox": {"width": 200, "top": 51, "height": 115, "left": 337}}, {"photo": 11097, "product": 770, "bbox": {"width": 750, "top": 345, "height": 395, "left": 590}}, {"photo": 15775, "product": 1453, "bbox": {"width": 581, "top": 65, "height": 244, "left": 414}}, {"photo": 15759, "product": 1555, "bbox": {"width": 250, "top": 278, "height": 202, "left": 274}}, {"photo": 10054, "product": 983, "bbox": {"width": 97, "top": 97, "height": 48, "left": 113}}, {"photo": 17630, "product": 1555, "bbox": {"width": 156, "top": 70, "height": 106, "left": 68}}, {"photo": 12319, "product": 938, "bbox": {"width": 355, "top": 276, "height": 286, "left": 825}}, {"photo": 12536, "product": 1453, "bbox": {"width": 570, "top": 15, "height": 405, "left": 700}}, {"photo": 18843, "product": 1413, "bbox": {"width": 329, "top": 39, "height": 209, "left": 273}}, {"photo": 11408, "product": 1629, "bbox": {"width": 1000, "top": 4080, "height": 870, "left": 1540}}, {"photo": 11097, "product": 770, "bbox": {"width": 815, "top": 685, "height": 1390, "left": 515}}, {"photo": 1594, "product": 143, "bbox": {"width": 114, "top": 40, "height": 92, "left": 184}}, {"photo": 9156, "product": 1134, "bbox": {"width": 169, "top": 4, "height": 104, "left": 106}}, {"photo": 14458, "product": 384, "bbox": {"width": 205, "top": 436, "height": 140, "left": 350}}, {"photo": 2434, "product": 1555, "bbox": {"width": 242, "top": 146, "height": 59, "left": 190}}, {"photo": 10084, "product": 1555, "bbox": {"width": 856, "top": 1195, "height": 505, "left": 1755}}, {"photo": 6296, "product": 548, "bbox": {"width": 213, "top": 38, "height": 93, "left": 139}}, {"photo": 3147, "product": 1590, "bbox": {"width": 257, "top": 456, "height": 151, "left": 554}}, {"photo": 15118, "product": 1355, "bbox": {"width": 139, "top": 75, "height": 59, "left": 221}}, {"photo": 667, "product": 938, "bbox": {"width": 1067, "top": 34, "height": 892, "left": 629}}, {"photo": 13747, "product": 1650, "bbox": {"width": 520, "top": 136, "height": 353, "left": 268}}, {"photo": 3106, "product": 55, "bbox": {"width": 552, "top": 119, "height": 483, "left": 1004}}, {"photo": 5431, "product": 548, "bbox": {"width": 151, "top": 130, "height": 92, "left": 276}}, {"photo": 6861, "product": 205, "bbox": {"width": 154, "top": 192, "height": 93, "left": 338}}, {"photo": 1614, "product": 1528, "bbox": {"width": 93, "top": 36, "height": 49, "left": 189}}, {"photo": 13204, "product": 458, "bbox": {"width": 247, "top": 48, "height": 145, "left": 333}}, {"photo": 13153, "product": 1329, "bbox": {"width": 606, "top": 0, "height": 380, "left": 0}}, {"photo": 4207, "product": 794, "bbox": {"width": 925, "top": 372, "height": 444, "left": 2355}}, {"photo": 17303, "product": 1784, "bbox": {"width": 204, "top": 1178, "height": 175, "left": 114}}, {"photo": 840, "product": 1270, "bbox": {"width": 319, "top": 67, "height": 268, "left": 208}}, {"photo": 8360, "product": 1555, "bbox": {"width": 862, "top": 705, "height": 616, "left": 676}}, {"photo": 511, "product": 683, "bbox": {"width": 381, "top": 637, "height": 194, "left": 808}}, {"photo": 8303, "product": 1687, "bbox": {"width": 88, "top": 7, "height": 96, "left": 150}}, {"photo": 13021, "product": 266, "bbox": {"width": 545, "top": 45, "height": 430, "left": 690}}, {"photo": 1655, "product": 1407, "bbox": {"width": 272, "top": 48, "height": 208, "left": 225}}, {"photo": 6174, "product": 689, "bbox": {"width": 214, "top": 1, "height": 189, "left": 409}}, {"photo": 1527, "product": 384, "bbox": {"width": 453, "top": 13, "height": 362, "left": 59}}, {"photo": 3639, "product": 554, "bbox": {"width": 197, "top": 87, "height": 140, "left": 125}}, {"photo": 11604, "product": 143, "bbox": {"width": 312, "top": 442, "height": 172, "left": 526}}, {"photo": 12654, "product": 515, "bbox": {"width": 423, "top": 219, "height": 285, "left": 327}}, {"photo": 17630, "product": 1555, "bbox": {"width": 136, "top": 76, "height": 113, "left": 411}}, {"photo": 4432, "product": 1555, "bbox": {"width": 185, "top": 46, "height": 127, "left": 326}}, {"photo": 1614, "product": 1528, "bbox": {"width": 79, "top": 34, "height": 44, "left": 192}}, {"photo": 14117, "product": 1512, "bbox": {"width": 555, "top": 770, "height": 1130, "left": 795}}, {"photo": 3147, "product": 1590, "bbox": {"width": 363, "top": 448, "height": 241, "left": 856}}, {"photo": 6988, "product": 1655, "bbox": {"width": 89, "top": 412, "height": 6, "left": 100}}, {"photo": 17287, "product": 1134, "bbox": {"width": 293, "top": 151, "height": 205, "left": 268}}, {"photo": 7085, "product": 624, "bbox": {"width": 625, "top": 1840, "height": 605, "left": 940}}, {"photo": 11941, "product": 1360, "bbox": {"width": 510, "top": 40, "height": 270, "left": 775}}, {"photo": 14117, "product": 1512, "bbox": {"width": 225, "top": 665, "height": 645, "left": 1185}}, {"photo": 8641, "product": 191, "bbox": {"width": 138, "top": 95, "height": 120, "left": 246}}, {"photo": 13204, "product": 458, "bbox": {"width": 174, "top": 42, "height": 88, "left": 49}}, {"photo": 6247, "product": 16, "bbox": {"width": 168, "top": 138, "height": 180, "left": 678}}, {"photo": 8256, "product": 1683, "bbox": {"width": 572, "top": 42, "height": 660, "left": 577}}, {"photo": 98654, "product": 1723, "bbox": {"width": 117, "top": 318, "height": 87, "left": 180}}, {"photo": 6247, "product": 16, "bbox": {"width": 193, "top": 149, "height": 152, "left": 655}}, {"photo": 8595, "product": 1134, "bbox": {"width": 222, "top": 222, "height": 355, "left": 385}}, {"photo": 11245, "product": 1283, "bbox": {"width": 267, "top": 149, "height": 280, "left": 49}}, {"photo": 18068, "product": 856, "bbox": {"width": 146, "top": 24, "height": 175, "left": 330}}, {"photo": 14504, "product": 887, "bbox": {"width": 207, "top": 95, "height": 148, "left": 199}}, {"photo": 3325, "product": 1288, "bbox": {"width": 486, "top": 42, "height": 436, "left": 783}}, {"photo": 1059, "product": 1407, "bbox": {"width": 323, "top": 10, "height": 206, "left": 344}}, {"photo": 1475, "product": 1479, "bbox": {"width": 111, "top": 293, "height": 200, "left": 158}}, {"photo": 9202, "product": 1655, "bbox": {"width": 1124, "top": 458, "height": 1039, "left": 1806}}, {"photo": 14976, "product": 1205, "bbox": {"width": 1113, "top": 822, "height": 572, "left": 1182}}, {"photo": 3665, "product": 770, "bbox": {"width": 621, "top": 256, "height": 551, "left": 529}}, {"photo": 2624, "product": 548, "bbox": {"width": 850, "top": 60, "height": 525, "left": 495}}, {"photo": 15118, "product": 1355, "bbox": {"width": 92, "top": 75, "height": 71, "left": 240}}, {"photo": 13478, "product": 770, "bbox": {"width": 715, "top": 80, "height": 600, "left": 725}}, {"photo": 14312, "product": 1212, "bbox": {"width": 357, "top": 76, "height": 265, "left": 394}}, {"photo": 1314, "product": 856, "bbox": {"width": 203, "top": 68, "height": 156, "left": 73}}, {"photo": 15542, "product": 1433, "bbox": {"width": 581, "top": 457, "height": 277, "left": 1714}}, {"photo": 13468, "product": 380, "bbox": {"width": 281, "top": 119, "height": 201, "left": 501}}, {"photo": 98654, "product": 1723, "bbox": {"width": 122, "top": 300, "height": 103, "left": 169}}, {"photo": 2408, "product": 1010, "bbox": {"width": 403, "top": 740, "height": 315, "left": 961}}, {"photo": 17224, "product": 1237, "bbox": {"width": 374, "top": 641, "height": 327, "left": 804}}, {"photo": 13210, "product": 163, "bbox": {"width": 589, "top": 964, "height": 423, "left": 1090}}, {"photo": 14504, "product": 887, "bbox": {"width": 196, "top": 86, "height": 185, "left": 206}}, {"photo": 6759, "product": 163, "bbox": {"width": 543, "top": 507, "height": 548, "left": 1025}}, {"photo": 2434, "product": 1555, "bbox": {"width": 205, "top": 107, "height": 135, "left": 724}}, {"photo": 17224, "product": 1237, "bbox": {"width": 397, "top": 658, "height": 327, "left": 763}}, {"photo": 8595, "product": 1134, "bbox": {"width": 119, "top": 210, "height": 338, "left": 444}}, {"photo": 6247, "product": 16, "bbox": {"width": 556, "top": 23, "height": 548, "left": 20}}, {"photo": 1827, "product": 1687, "bbox": {"width": 408, "top": 419, "height": 379, "left": 1002}}, {"photo": 2338, "product": 384, "bbox": {"width": 560, "top": 268, "height": 426, "left": 816}}, {"photo": 14575, "product": 1407, "bbox": {"width": 592, "top": 105, "height": 527, "left": 561}}, {"photo": 1314, "product": 856, "bbox": {"width": 193, "top": 71, "height": 131, "left": 47}}, {"photo": 11408, "product": 1629, "bbox": {"width": 960, "top": 4110, "height": 990, "left": 1510}}, {"photo": 1827, "product": 1687, "bbox": {"width": 414, "top": 425, "height": 432, "left": 1025}}, {"photo": 2489, "product": 1500, "bbox": {"width": 678, "top": 521, "height": 357, "left": 1172}}, {"photo": 1059, "product": 1407, "bbox": {"width": 275, "top": 24, "height": 200, "left": 378}}, {"photo": 11030, "product": 624, "bbox": {"width": 926, "top": 269, "height": 526, "left": 34}}, {"photo": 8832, "product": 1655, "bbox": {"width": 137, "top": 19, "height": 129, "left": 85}}, {"photo": 8256, "product": 1683, "bbox": {"width": 566, "top": 25, "height": 695, "left": 600}}, {"photo": 1727, "product": 972, "bbox": {"width": 578, "top": 426, "height": 411, "left": 1454}}, {"photo": 98612, "product": 1162, "bbox": {"width": 143, "top": 131, "height": 103, "left": 158}}, {"photo": 14557, "product": 384, "bbox": {"width": 171, "top": 79, "height": 161, "left": 156}}, {"photo": 98617, "product": 489, "bbox": {"width": 835, "top": 562, "height": 588, "left": 1064}}, {"photo": 2338, "product": 384, "bbox": {"width": 612, "top": 198, "height": 502, "left": 786}}, {"photo": 11941, "product": 1360, "bbox": {"width": 405, "top": 35, "height": 280, "left": 815}}, {"photo": 16578, "product": 1784, "bbox": {"width": 167, "top": 156, "height": 163, "left": 323}}, {"photo": 18319, "product": 384, "bbox": {"width": 359, "top": 87, "height": 284, "left": 68}}, {"photo": 18538, "product": 1590, "bbox": {"width": 175, "top": 66, "height": 149, "left": 188}}, {"photo": 647, "product": 1466, "bbox": {"width": 336, "top": 271, "height": 222, "left": 542}}, {"photo": 6582, "product": 713, "bbox": {"width": 640, "top": 717, "height": 545, "left": 1442}}, {"photo": 3736, "product": 1766, "bbox": {"width": 475, "top": 55, "height": 330, "left": 785}}, {"photo": 13774, "product": 515, "bbox": {"width": 248, "top": 117, "height": 155, "left": 189}}, {"photo": 1353, "product": 1432, "bbox": {"width": 122, "top": 179, "height": 64, "left": 171}}, {"photo": 7754, "product": 1555, "bbox": {"width": 274, "top": 93, "height": 159, "left": 184}}, {"photo": 15775, "product": 1453, "bbox": {"width": 186, "top": 12, "height": 110, "left": 17}}, {"photo": 4500, "product": 1650, "bbox": {"width": 334, "top": 36, "height": 176, "left": 139}}, {"photo": 14575, "product": 1407, "bbox": {"width": 567, "top": 140, "height": 402, "left": 586}}, {"photo": 11097, "product": 770, "bbox": {"width": 825, "top": 385, "height": 350, "left": 615}}, {"photo": 12106, "product": 794, "bbox": {"width": 625, "top": 110, "height": 415, "left": 590}}, {"photo": 17289, "product": 1555, "bbox": {"width": 165, "top": 464, "height": 119, "left": 658}}, {"photo": 15710, "product": 384, "bbox": {"width": 409, "top": 234, "height": 406, "left": 810}}, {"photo": 3238, "product": 687, "bbox": {"width": 510, "top": 100, "height": 285, "left": 495}}, {"photo": 4400, "product": 728, "bbox": {"width": 216, "top": 17, "height": 187, "left": 391}}, {"photo": 15775, "product": 1453, "bbox": {"width": 181, "top": 31, "height": 147, "left": 39}}, {"photo": 10288, "product": 384, "bbox": {"width": 665, "top": 320, "height": 490, "left": 757}}, {"photo": 14177, "product": 1212, "bbox": {"width": 175, "top": 14, "height": 115, "left": 197}}, {"photo": 12890, "product": 692, "bbox": {"width": 414, "top": 442, "height": 245, "left": 507}}, {"photo": 17287, "product": 1134, "bbox": {"width": 293, "top": 181, "height": 184, "left": 266}}, {"photo": 3147, "product": 1590, "bbox": {"width": 249, "top": 456, "height": 221, "left": 860}}, {"photo": 10238, "product": 1205, "bbox": {"width": 1143, "top": 250, "height": 552, "left": 1223}}, {"photo": 11176, "product": 191, "bbox": {"width": 259, "top": 126, "height": 172, "left": 293}}, {"photo": 98583, "product": 515, "bbox": {"width": 473, "top": 582, "height": 368, "left": 775}}, {"photo": 4982, "product": 465, "bbox": {"width": 709, "top": 138, "height": 735, "left": 1615}}, {"photo": 15305, "product": 117, "bbox": {"width": 140, "top": 16, "height": 100, "left": 125}}, {"photo": 3639, "product": 554, "bbox": {"width": 239, "top": 97, "height": 131, "left": 116}}, {"photo": 840, "product": 1270, "bbox": {"width": 386, "top": 58, "height": 213, "left": 196}}, {"photo": 17101, "product": 1134, "bbox": {"width": 1120, "top": 1433, "height": 1054, "left": 166}}, {"photo": 3736, "product": 1766, "bbox": {"width": 485, "top": 35, "height": 365, "left": 775}}, {"photo": 16434, "product": 997, "bbox": {"width": 6, "top": 612, "height": 6, "left": 1340}}, {"photo": 330100, "product": 918, "bbox": {"width": 205, "top": 88, "height": 185, "left": 77}}, {"photo": 16571, "product": 1075, "bbox": {"width": 218, "top": 66, "height": 122, "left": 390}}, {"photo": 8556, "product": 635, "bbox": {"width": 633, "top": 45, "height": 654, "left": 1219}}, {"photo": 18658, "product": 1590, "bbox": {"width": 464, "top": 248, "height": 258, "left": 437}}, {"photo": 511, "product": 683, "bbox": {"width": 402, "top": 616, "height": 319, "left": 793}}, {"photo": 11855, "product": 515, "bbox": {"width": 263, "top": 635, "height": 235, "left": 608}}, {"photo": 16578, "product": 1784, "bbox": {"width": 180, "top": 159, "height": 157, "left": 304}}, {"photo": 16887, "product": 582, "bbox": {"width": 174, "top": 130, "height": 100, "left": 245}}, {"photo": 1640, "product": 1071, "bbox": {"width": 104, "top": 175, "height": 81, "left": 187}}, {"photo": 15775, "product": 1453, "bbox": {"width": 473, "top": 68, "height": 344, "left": 472}}, {"photo": 1655, "product": 1407, "bbox": {"width": 250, "top": 43, "height": 243, "left": 220}}, {"photo": 4862, "product": 489, "bbox": {"width": 464, "top": 252, "height": 376, "left": 952}}, {"photo": 4189, "product": 163, "bbox": {"width": 88, "top": 101, "height": 68, "left": 244}}, {"photo": 18538, "product": 1590, "bbox": {"width": 187, "top": 76, "height": 129, "left": 184}}, {"photo": 1504, "product": 1288, "bbox": {"width": 194, "top": 17, "height": 170, "left": 341}}, {"photo": 12890, "product": 692, "bbox": {"width": 578, "top": 367, "height": 397, "left": 378}}, {"photo": 1504, "product": 1288, "bbox": {"width": 222, "top": 15, "height": 192, "left": 354}}, {"photo": 17101, "product": 1134, "bbox": {"width": 1314, "top": 66, "height": 614, "left": 93}}, {"photo": 98583, "product": 515, "bbox": {"width": 461, "top": 600, "height": 327, "left": 775}}, {"photo": 13687, "product": 1075, "bbox": {"width": 737, "top": 1159, "height": 500, "left": 1111}}, {"photo": 15795, "product": 1355, "bbox": {"width": 164, "top": 110, "height": 125, "left": 309}}, {"photo": 6972, "product": 1650, "bbox": {"width": 752, "top": 190, "height": 494, "left": 14}}, {"photo": 8416, "product": 629, "bbox": {"width": 64, "top": 183, "height": 56, "left": 170}}, {"photo": 5891, "product": 1407, "bbox": {"width": 583, "top": 104, "height": 572, "left": 1713}}, {"photo": 18843, "product": 1413, "bbox": {"width": 320, "top": 18, "height": 216, "left": 270}}, {"photo": 18721, "product": 1650, "bbox": {"width": 1159, "top": 62, "height": 833, "left": 429}}, {"photo": 8256, "product": 1683, "bbox": {"width": 186, "top": 77, "height": 206, "left": 148}}, {"photo": 14682, "product": 16, "bbox": {"width": 206, "top": 41, "height": 126, "left": 337}}, {"photo": 6247, "product": 16, "bbox": {"width": 546, "top": 30, "height": 546, "left": 38}}, {"photo": 17101, "product": 1134, "bbox": {"width": 1207, "top": 1493, "height": 1127, "left": 120}}, {"photo": 6988, "product": 1655, "bbox": {"width": 10, "top": 416, "height": 6, "left": 186}}, {"photo": 16255, "product": 273, "bbox": {"width": 869, "top": 250, "height": 647, "left": 792}}, {"photo": 7616, "product": 1555, "bbox": {"width": 112, "top": 320, "height": 58, "left": 120}}, {"photo": 15178, "product": 1270, "bbox": {"width": 236, "top": 64, "height": 198, "left": 383}}, {"photo": 16169, "product": 1655, "bbox": {"width": 438, "top": 274, "height": 539, "left": 442}}, {"photo": 18068, "product": 856, "bbox": {"width": 132, "top": 44, "height": 126, "left": 342}}, {"photo": 13021, "product": 266, "bbox": {"width": 595, "top": 45, "height": 400, "left": 650}}, {"photo": 5598, "product": 1453, "bbox": {"width": 80, "top": 115, "height": 51, "left": 216}}, {"photo": 1110, "product": 1241, "bbox": {"width": 324, "top": 256, "height": 193, "left": 293}}, {"photo": 330006, "product": 1205, "bbox": {"width": 156, "top": 135, "height": 123, "left": 273}}, {"photo": 8556, "product": 635, "bbox": {"width": 716, "top": 45, "height": 482, "left": 1294}}, {"photo": 17015, "product": 1629, "bbox": {"width": 322, "top": 333, "height": 280, "left": 361}}, {"photo": 4432, "product": 1555, "bbox": {"width": 202, "top": 30, "height": 187, "left": 343}}, {"photo": 8360, "product": 1555, "bbox": {"width": 862, "top": 749, "height": 661, "left": 802}}, {"photo": 14953, "product": 143, "bbox": {"width": 590, "top": 280, "height": 400, "left": 435}}, {"photo": 18319, "product": 384, "bbox": {"width": 356, "top": 82, "height": 295, "left": 80}}, {"photo": 7634, "product": 1283, "bbox": {"width": 144, "top": 118, "height": 124, "left": 189}}, {"photo": 17580, "product": 538, "bbox": {"width": 214, "top": 108, "height": 185, "left": 263}}, {"photo": 3549, "product": 938, "bbox": {"width": 674, "top": 339, "height": 458, "left": 654}}, {"photo": 5891, "product": 1407, "bbox": {"width": 659, "top": 128, "height": 513, "left": 1643}}, {"photo": 15178, "product": 1270, "bbox": {"width": 279, "top": 67, "height": 141, "left": 343}}, {"photo": 2813, "product": 191, "bbox": {"width": 117, "top": 15, "height": 87, "left": 185}}, {"photo": 14533, "product": 1590, "bbox": {"width": 590, "top": 50, "height": 380, "left": 755}}, {"photo": 330118, "product": 670, "bbox": {"width": 808, "top": 44, "height": 732, "left": 486}}, {"photo": 1353, "product": 1432, "bbox": {"width": 123, "top": 192, "height": 52, "left": 162}}, {"photo": 13075, "product": 1126, "bbox": {"width": 799, "top": 29, "height": 403, "left": 507}}, {"photo": 8817, "product": 1450, "bbox": {"width": 80, "top": 35, "height": 73, "left": 200}}, {"photo": 15992, "product": 1655, "bbox": {"width": 456, "top": 22, "height": 349, "left": 645}}, {"photo": 15241, "product": 1237, "bbox": {"width": 380, "top": 295, "height": 260, "left": 830}}, {"photo": 18721, "product": 1650, "bbox": {"width": 926, "top": 67, "height": 880, "left": 512}}, {"photo": 1594, "product": 143, "bbox": {"width": 127, "top": 35, "height": 98, "left": 183}}, {"photo": 13204, "product": 458, "bbox": {"width": 238, "top": 40, "height": 155, "left": 340}}, {"photo": 98715, "product": 504, "bbox": {"width": 696, "top": 84, "height": 491, "left": 700}}, {"photo": 6296, "product": 548, "bbox": {"width": 196, "top": 33, "height": 115, "left": 128}}, {"photo": 14533, "product": 1590, "bbox": {"width": 580, "top": 80, "height": 345, "left": 790}}, {"photo": 3078, "product": 1453, "bbox": {"width": 985, "top": 518, "height": 623, "left": 1347}}, {"photo": 3403, "product": 683, "bbox": {"width": 192, "top": 4, "height": 135, "left": 582}}, {"photo": 11006, "product": 510, "bbox": {"width": 423, "top": 8, "height": 392, "left": 640}}, {"photo": 4400, "product": 728, "bbox": {"width": 183, "top": 32, "height": 124, "left": 413}}, {"photo": 15544, "product": 69, "bbox": {"width": 309, "top": 106, "height": 209, "left": 108}}, {"photo": 7850, "product": 624, "bbox": {"width": 183, "top": 312, "height": 189, "left": 38}}, {"photo": 1475, "product": 1479, "bbox": {"width": 196.0, "top": 287.0, "height": 460.0, "left": 78.0}}, {"photo": 4207, "product": 794, "bbox": {"width": 1156, "top": 381, "height": 745, "left": 2302}}, {"photo": 14312, "product": 1212, "bbox": {"width": 416, "top": 70, "height": 267, "left": 371}}, {"photo": 13478, "product": 770, "bbox": {"width": 785, "top": 40, "height": 695, "left": 695}}, {"photo": 10288, "product": 384, "bbox": {"width": 578, "top": 367, "height": 461, "left": 827}}, {"photo": 14053, "product": 24, "bbox": {"width": 112, "top": 0, "height": 72, "left": 231}}, {"photo": 12243, "product": 1241, "bbox": {"width": 1886, "top": 957, "height": 1122, "left": 807}}, {"photo": 15241, "product": 1237, "bbox": {"width": 605, "top": 220, "height": 440, "left": 695}}, {"photo": 8704, "product": 1766, "bbox": {"width": 426, "top": 201, "height": 366, "left": 374}}, {"photo": 16533, "product": 1072, "bbox": {"width": 682, "top": 378, "height": 420, "left": 856}}, {"photo": 812, "product": 1555, "bbox": {"width": 103, "top": 109, "height": 65, "left": 444}}, {"photo": 12016, "product": 1650, "bbox": {"width": 981, "top": 654, "height": 776, "left": 963}}, {"photo": 11006, "product": 510, "bbox": {"width": 140, "top": 11, "height": 149, "left": 182}}, {"photo": 6174, "product": 689, "bbox": {"width": 214, "top": 1, "height": 192, "left": 406}}, {"photo": 6759, "product": 163, "bbox": {"width": 589, "top": 530, "height": 531, "left": 1043}}, {"photo": 11288, "product": 770, "bbox": {"width": 748, "top": 611, "height": 417, "left": 522}}, {"photo": 10084, "product": 1555, "bbox": {"width": 681, "top": 1338, "height": 428, "left": 1974}}, {"photo": 16571, "product": 1075, "bbox": {"width": 100, "top": 70, "height": 142, "left": 444}}, {"photo": 8403, "product": 749, "bbox": {"width": 107, "top": 30, "height": 83, "left": 67}}, {"photo": 2887, "product": 856, "bbox": {"width": 166, "top": 695, "height": 148, "left": 654}}, {"photo": 98715, "product": 504, "bbox": {"width": 754, "top": 68, "height": 544, "left": 658}}, {"photo": 17015, "product": 1629, "bbox": {"width": 373, "top": 349, "height": 211, "left": 335}}, {"photo": 2467, "product": 1599, "bbox": {"width": 905, "top": 225, "height": 605, "left": 585}}, {"photo": 2303, "product": 1687, "bbox": {"width": 147, "top": 489, "height": 272, "left": 401}}, {"photo": 8832, "product": 1655, "bbox": {"width": 102, "top": 44, "height": 103, "left": 113}}, {"photo": 14177, "product": 1212, "bbox": {"width": 166, "top": 0, "height": 133, "left": 215}}, {"photo": 15542, "product": 1433, "bbox": {"width": 343, "top": 476, "height": 239, "left": 1723}}, {"photo": 6524, "product": 1237, "bbox": {"width": 380, "top": 1750, "height": 445, "left": 330}}, {"photo": 17101, "product": 1134, "bbox": {"width": 1127, "top": 33, "height": 754, "left": 160}}, {"photo": 1422, "product": 1555, "bbox": {"width": 65, "top": 212, "height": 60, "left": 66}}, {"photo": 14458, "product": 384, "bbox": {"width": 154, "top": 542, "height": 130, "left": 786}}, {"photo": 8717, "product": 1555, "bbox": {"width": 145, "top": 235, "height": 130, "left": 329}}, {"photo": 4189, "product": 163, "bbox": {"width": 96, "top": 76, "height": 93, "left": 235}}, {"photo": 5593, "product": 1599, "bbox": {"width": 145, "top": 105, "height": 107, "left": 139}}, {"photo": 1123, "product": 1555, "bbox": {"width": 234, "top": 355, "height": 152, "left": 437}}, {"photo": 13153, "product": 1329, "bbox": {"width": 741, "top": 0, "height": 368, "left": 9}}, {"photo": 6781, "product": 1590, "bbox": {"width": 832, "top": 210, "height": 613, "left": 2}}, {"photo": 16169, "product": 1655, "bbox": {"width": 448, "top": 364, "height": 434, "left": 452}}, {"photo": 7850, "product": 624, "bbox": {"width": 165, "top": 321, "height": 175, "left": 58}}, {"photo": 98617, "product": 489, "bbox": {"width": 1159, "top": 783, "height": 324, "left": 971}}, {"photo": 8494, "product": 1196, "bbox": {"width": 190, "top": 15, "height": 129, "left": 330}}, {"photo": 15305, "product": 117, "bbox": {"width": 165, "top": 0, "height": 86, "left": 111}}, {"photo": 649, "product": 1590, "bbox": {"width": 109, "top": 24, "height": 75, "left": 360}}, {"photo": 17630, "product": 1555, "bbox": {"width": 148, "top": 86, "height": 128, "left": 391}}, {"photo": 8704, "product": 1766, "bbox": {"width": 467, "top": 198, "height": 346, "left": 349}}, {"photo": 8788, "product": 205, "bbox": {"width": 120, "top": 0, "height": 80, "left": 207}}, {"photo": 10238, "product": 1205, "bbox": {"width": 893, "top": 310, "height": 412, "left": 1413}}, {"photo": 12654, "product": 515, "bbox": {"width": 414, "top": 219, "height": 285, "left": 348}}, {"photo": 12319, "product": 938, "bbox": {"width": 328, "top": 248, "height": 305, "left": 829}}, {"photo": 15544, "product": 69, "bbox": {"width": 327, "top": 117, "height": 194, "left": 91}}, {"photo": 11855, "product": 515, "bbox": {"width": 332, "top": 612, "height": 226, "left": 562}}, {"photo": 649, "product": 1590, "bbox": {"width": 98, "top": 26, "height": 77, "left": 371}}, {"photo": 16255, "product": 273, "bbox": {"width": 816, "top": 256, "height": 682, "left": 757}}, {"photo": 13210, "product": 163, "bbox": {"width": 536, "top": 998, "height": 376, "left": 1157}}, {"photo": 8416, "product": 629, "bbox": {"width": 75, "top": 169, "height": 70, "left": 159}}, {"photo": 3106, "product": 55, "bbox": {"width": 612, "top": 109, "height": 518, "left": 914}}, {"photo": 14053, "product": 24, "bbox": {"width": 115, "top": 10, "height": 61, "left": 247}}, {"photo": 16434, "product": 997, "bbox": {"width": 916, "top": 0, "height": 618, "left": 431}}, {"photo": 17919, "product": 548, "bbox": {"width": 340, "top": 89, "height": 283, "left": 163}}, {"photo": 11030, "product": 624, "bbox": {"width": 938, "top": 253, "height": 535, "left": 20}}, {"photo": 10539, "product": 1268, "bbox": {"width": 259, "top": 365, "height": 195, "left": 521}}, {"photo": 812, "product": 1555, "bbox": {"width": 81, "top": 103, "height": 63, "left": 456}}, {"photo": 8641, "product": 191, "bbox": {"width": 172, "top": 81, "height": 127, "left": 216}}, {"photo": 7492, "product": 568, "bbox": {"width": 119, "top": 120, "height": 101, "left": 412}}, {"photo": 7634, "product": 1283, "bbox": {"width": 130, "top": 120, "height": 112, "left": 185}}, {"photo": 15710, "product": 384, "bbox": {"width": 393, "top": 228, "height": 423, "left": 824}}, {"photo": 5431, "product": 548, "bbox": {"width": 173, "top": 122, "height": 101, "left": 262}}, {"photo": 3946, "product": 1687, "bbox": {"width": 35, "top": 924, "height": 337, "left": 1788}}, {"photo": 11288, "product": 770, "bbox": {"width": 870, "top": 474, "height": 583, "left": 356}}, {"photo": 14557, "product": 384, "bbox": {"width": 137, "top": 87, "height": 115, "left": 170}}, {"photo": 12554, "product": 1590, "bbox": {"width": 323, "top": 54, "height": 309, "left": 553}}, {"photo": 12016, "product": 1650, "bbox": {"width": 843, "top": 698, "height": 589, "left": 1018}}, {"photo": 12554, "product": 1590, "bbox": {"width": 272, "top": 80, "height": 304, "left": 582}}, {"photo": 9156, "product": 1134, "bbox": {"width": 179, "top": 3, "height": 117, "left": 111}}]